Departamento,Q1,Q2,Q3,Q4,Q5,Q6,Q7,Q8,Q9,Q10
3.0,5.0,0.0,4.0,1.0,0.0,3.0,3.0,2.0,3.0,1.0
2.0,0.0,0.0,4.0,5.0,3.0,4.0,1.0,5.0,5.0,4.0
1.0,5.0,4.0,2.0,4.0,3.0,1.0,4.0,5.0,2.0,4.0
1.0,3.0,1.0,5.0,2.0,3.0,0.0,3.0,4.0,3.0,2.0
2.0,5.0,4.0,4.0,1.0,2.0,2.0,3.0,4.0,5.0,3.0
3.0,5.0,4.0,2.0,1.0,3.0,0.0,5.0,5.0,4.0,4.0
1.0,3.0,2.0,3.0,3.0,2.0,3.0,3.0,5.0,3.0,1.0
3.0,5.0,4.0,2.0,2.0,4.0,2.0,4.0,4.0,2.0,1.0
3.0,5.0,1.0,1.0,3.0,4.0,1.0,4.0,1.0,3.0,4.0
3.0,5.0,1.0,3.0,5.0,3.0,3.0,2.0,5.0,4.0,2.0
5.0,3.0,0.0,1.0,2.0,2.0,0.0,3.0,5.0,5.0,2.0
1.0,3.0,0.0,3.0,2.0,2.0,2.0,4.0,5.0,3.0,4.0
4.0,4.0,1.0,3.0,4.0,2.0,2.0,5.0,4.0,4.0,3.0
2.0,5.0,0.0,4.0,5.0,4.0,3.0,5.0,5.0,3.0,4.0
3.0,5.0,0.0,1.0,2.0,4.0,0.0,5.0,4.0,4.0,2.0
2.0,5.0,4.0,3.0,5.0,3.0,3.0,2.0,2.0,4.0,2.0
2.0,5.0,2.0,0.0,4.0,3.0,4.0,3.0,4.0,4.0,2.0
4.0,5.0,2.0,4.0,1.0,3.0,5.0,2.0,2.0,4.0,3.0
3.0,3.0,2.0,3.0,5.0,1.0,3.0,4.0,3.0,3.0,1.0
3.0,4.0,5.0,2.0,0.0,4.0,0.0,5.0,4.0,3.0,2.0
4.0,3.0,0.0,2.0,2.0,3.0,0.0,4.0,5.0,4.0,3.0
5.0,4.0,1.0,5.0,2.0,5.0,2.0,3.0,3.0,0.0,2.0
4.0,5.0,1.0,1.0,5.0,1.0,0.0,4.0,4.0,5.0,1.0
4.0,5.0,5.0,4.0,3.0,5.0,3.0,3.0,2.0,3.0,3.0
2.0,3.0,4.0,2.0,1.0,3.0,3.0,3.0,4.0,5.0,4.0
4.0,5.0,2.0,2.0,1.0,3.0,3.0,4.0,3.0,2.0,3.0
3.0,4.0,2.0,1.0,1.0,5.0,0.0,5.0,3.0,4.0,3.0
2.0,5.0,4.0,1.0,1.0,4.0,0.0,3.0,5.0,5.0,3.0
3.0,2.0,0.0,3.0,0.0,4.0,2.0,4.0,5.0,3.0,2.0
1.0,2.0,0.0,1.0,4.0,3.0,0.0,4.0,5.0,4.0,2.0
3.0,5.0,4.0,1.0,2.0,3.0,0.0,4.0,5.0,3.0,4.0
3.0,5.0,4.0,2.0,5.0,3.0,1.0,3.0,3.0,3.0,4.0
2.0,5.0,2.0,2.0,5.0,3.0,1.0,3.0,4.0,4.0,4.0
2.0,5.0,5.0,4.0,1.0,5.0,3.0,3.0,3.0,2.0,0.0
2.0,3.0,3.0,2.0,2.0,2.0,3.0,3.0,2.0,3.0,3.0
2.0,4.0,0.0,3.0,2.0,4.0,2.0,4.0,4.0,4.0,4.0
3.0,3.0,3.0,3.0,4.0,2.0,0.0,4.0,5.0,5.0,2.0
3.0,5.0,0.0,2.0,2.0,3.0,2.0,3.0,3.0,5.0,0.0
4.0,5.0,1.0,0.0,5.0,3.0,0.0,4.0,4.0,4.0,2.0
2.0,5.0,2.0,2.0,2.0,2.0,0.0,3.0,2.0,4.0,2.0
1.0,5.0,3.0,4.0,3.0,3.0,0.0,3.0,5.0,5.0,0.0
5.0,3.0,0.0,3.0,1.0,3.0,0.0,3.0,3.0,4.0,3.0
2.0,1.0,0.0,4.0,1.0,4.0,4.0,2.0,5.0,5.0,4.0
2.0,3.0,0.0,3.0,1.0,2.0,0.0,3.0,4.0,4.0,2.0
5.0,5.0,5.0,1.0,1.0,2.0,4.0,5.0,4.0,1.0,4.0
2.0,4.0,1.0,2.0,3.0,4.0,4.0,5.0,5.0,3.0,4.0
4.0,5.0,2.0,2.0,1.0,4.0,3.0,3.0,3.0,4.0,5.0
4.0,5.0,2.0,4.0,5.0,3.0,0.0,5.0,4.0,3.0,3.0
6.0,5.0,1.0,3.0,2.0,1.0,4.0,2.0,3.0,5.0,3.0
2.0,4.0,1.0,2.0,1.0,4.0,3.0,4.0,3.0,5.0,0.0
4.0,5.0,5.0,1.0,5.0,4.0,0.0,4.0,3.0,4.0,5.0
3.0,5.0,1.0,4.0,3.0,4.0,3.0,4.0,4.0,4.0,3.0
3.0,5.0,1.0,1.0,3.0,4.0,0.0,3.0,1.0,3.0,2.0
4.0,4.0,1.0,3.0,0.0,4.0,2.0,4.0,4.0,5.0,0.0
3.0,5.0,2.0,3.0,4.0,3.0,4.0,2.0,1.0,5.0,3.0
5.0,2.0,2.0,4.0,2.0,3.0,4.0,3.0,5.0,4.0,4.0
4.0,5.0,4.0,2.0,1.0,5.0,2.0,3.0,2.0,4.0,4.0
3.0,4.0,0.0,1.0,1.0,2.0,3.0,3.0,5.0,4.0,4.0
4.0,5.0,1.0,3.0,0.0,2.0,2.0,3.0,3.0,5.0,0.0
3.0,5.0,2.0,3.0,1.0,2.0,2.0,3.0,5.0,3.0,4.0
3.0,1.0,0.0,4.0,1.0,2.0,3.0,4.0,3.0,5.0,0.0
3.0,5.0,4.0,4.0,3.0,2.0,0.0,3.0,2.0,5.0,1.0
4.0,5.0,3.0,3.0,5.0,0.0,2.0,5.0,5.0,3.0,4.0
1.0,5.0,2.0,1.0,4.0,2.0,1.0,3.0,4.0,3.0,5.0
3.0,4.0,0.0,3.0,4.0,4.0,0.0,1.0,5.0,2.0,1.0
1.0,3.0,1.0,2.0,4.0,2.0,0.0,1.0,3.0,5.0,1.0
4.0,5.0,2.0,0.0,2.0,2.0,0.0,4.0,5.0,4.0,1.0
3.0,5.0,2.0,4.0,0.0,5.0,1.0,5.0,2.0,1.0,2.0
2.0,5.0,0.0,3.0,4.0,2.0,4.0,4.0,5.0,4.0,2.0
5.0,4.0,2.0,1.0,5.0,2.0,4.0,3.0,3.0,3.0,4.0
4.0,4.0,3.0,3.0,4.0,3.0,0.0,4.0,5.0,4.0,4.0
5.0,5.0,2.0,5.0,2.0,4.0,3.0,5.0,1.0,3.0,2.0
2.0,3.0,4.0,5.0,1.0,5.0,4.0,4.0,5.0,2.0,0.0
5.0,3.0,3.0,5.0,3.0,1.0,0.0,3.0,3.0,1.0,3.0
6.0,3.0,5.0,3.0,1.0,4.0,3.0,3.0,3.0,1.0,3.0
4.0,5.0,5.0,3.0,4.0,5.0,2.0,2.0,3.0,2.0,5.0
0.0,3.0,1.0,2.0,5.0,2.0,2.0,2.0,5.0,4.0,2.0
4.0,3.0,3.0,3.0,3.0,2.0,1.0,3.0,3.0,3.0,2.0
5.0,4.0,5.0,5.0,2.0,4.0,3.0,2.0,1.0,1.0,1.0
2.0,5.0,0.0,3.0,3.0,1.0,4.0,5.0,5.0,4.0,3.0
4.0,5.0,4.0,5.0,2.0,3.0,0.0,5.0,3.0,2.0,1.0
5.0,5.0,5.0,2.0,3.0,3.0,3.0,2.0,3.0,5.0,3.0
4.0,3.0,2.0,3.0,4.0,5.0,0.0,2.0,1.0,2.0,1.0
4.0,4.0,0.0,3.0,5.0,3.0,1.0,5.0,5.0,3.0,5.0
3.0,3.0,0.0,5.0,3.0,4.0,1.0,2.0,2.0,4.0,3.0
5.0,3.0,1.0,5.0,2.0,3.0,1.0,1.0,2.0,3.0,2.0
2.0,2.0,0.0,4.0,2.0,4.0,3.0,3.0,4.0,5.0,1.0
0.0,2.0,1.0,4.0,3.0,1.0,0.0,1.0,5.0,4.0,1.0
0.0,5.0,0.0,0.0,5.0,2.0,2.0,5.0,5.0,3.0,5.0
5.0,3.0,1.0,3.0,3.0,1.0,0.0,4.0,4.0,2.0,3.0
1.0,3.0,1.0,4.0,3.0,2.0,0.0,2.0,4.0,4.0,0.0
1.0,3.0,2.0,4.0,3.0,3.0,5.0,2.0,2.0,4.0,2.0
5.0,2.0,2.0,5.0,4.0,4.0,3.0,3.0,4.0,0.0,5.0
3.0,3.0,4.0,3.0,3.0,4.0,0.0,2.0,3.0,2.0,2.0
3.0,4.0,2.0,1.0,0.0,4.0,1.0,2.0,3.0,5.0,0.0
5.0,2.0,1.0,3.0,3.0,3.0,4.0,1.0,3.0,3.0,0.0
0.0,4.0,4.0,1.0,3.0,4.0,0.0,3.0,4.0,1.0,0.0
1.0,3.0,0.0,5.0,4.0,4.0,5.0,3.0,4.0,5.0,2.0
3.0,4.0,1.0,3.0,2.0,2.0,4.0,4.0,3.0,5.0,3.0
1.0,5.0,1.0,3.0,1.0,5.0,2.0,5.0,3.0,4.0,0.0
3.0,3.0,1.0,4.0,1.0,4.0,2.0,0.0,3.0,3.0,0.0
1.0,5.0,3.0,0.0,1.0,2.0,1.0,5.0,5.0,5.0,0.0
2.0,5.0,3.0,5.0,2.0,5.0,0.0,3.0,0.0,4.0,2.0
1.0,5.0,5.0,5.0,0.0,5.0,0.0,4.0,1.0,0.0,0.0
1.0,5.0,1.0,5.0,4.0,4.0,0.0,4.0,5.0,4.0,2.0
3.0,5.0,2.0,3.0,4.0,5.0,0.0,4.0,1.0,4.0,2.0
4.0,5.0,4.0,1.0,3.0,2.0,1.0,5.0,5.0,5.0,2.0
4.0,3.0,3.0,3.0,2.0,2.0,3.0,2.0,5.0,3.0,2.0
3.0,5.0,4.0,2.0,2.0,3.0,1.0,4.0,2.0,4.0,4.0
3.0,5.0,0.0,4.0,0.0,4.0,3.0,3.0,1.0,1.0,1.0
4.0,4.0,4.0,2.0,1.0,5.0,3.0,2.0,1.0,3.0,5.0
1.0,4.0,1.0,1.0,3.0,2.0,0.0,4.0,5.0,5.0,3.0
1.0,3.0,0.0,3.0,2.0,2.0,0.0,2.0,2.0,4.0,1.0
2.0,3.0,2.0,1.0,2.0,1.0,3.0,4.0,3.0,5.0,4.0
4.0,4.0,1.0,3.0,5.0,1.0,0.0,2.0,4.0,4.0,1.0
1.0,4.0,2.0,5.0,2.0,3.0,2.0,1.0,3.0,4.0,3.0
5.0,5.0,3.0,1.0,2.0,3.0,4.0,4.0,2.0,4.0,3.0
1.0,4.0,4.0,3.0,1.0,1.0,1.0,3.0,5.0,4.0,2.0
4.0,5.0,4.0,2.0,1.0,5.0,3.0,3.0,3.0,4.0,2.0
3.0,4.0,2.0,2.0,2.0,3.0,3.0,4.0,2.0,3.0,2.0
0.0,3.0,3.0,5.0,4.0,4.0,3.0,4.0,3.0,3.0,0.0
3.0,5.0,4.0,0.0,2.0,4.0,1.0,5.0,5.0,5.0,3.0
3.0,3.0,0.0,2.0,0.0,3.0,4.0,2.0,5.0,4.0,1.0
5.0,3.0,4.0,0.0,4.0,2.0,0.0,5.0,3.0,4.0,3.0
2.0,3.0,4.0,4.0,5.0,4.0,1.0,1.0,5.0,3.0,4.0
2.0,2.0,4.0,2.0,3.0,3.0,3.0,4.0,3.0,3.0,3.0
4.0,3.0,0.0,5.0,2.0,2.0,0.0,3.0,3.0,3.0,4.0
4.0,5.0,0.0,1.0,0.0,3.0,1.0,5.0,4.0,2.0,4.0
5.0,3.0,4.0,5.0,0.0,3.0,4.0,3.0,4.0,2.0,3.0
5.0,4.0,4.0,5.0,3.0,3.0,1.0,5.0,4.0,4.0,1.0
1.0,5.0,5.0,3.0,5.0,5.0,1.0,5.0,5.0,3.0,1.0
0.0,5.0,0.0,2.0,3.0,4.0,1.0,2.0,4.0,4.0,0.0
3.0,5.0,4.0,2.0,1.0,2.0,4.0,3.0,3.0,4.0,3.0
3.0,5.0,4.0,2.0,1.0,3.0,1.0,3.0,4.0,2.0,5.0
3.0,2.0,1.0,3.0,3.0,3.0,0.0,4.0,5.0,3.0,1.0
2.0,4.0,1.0,4.0,3.0,5.0,0.0,3.0,3.0,5.0,5.0
2.0,5.0,0.0,3.0,4.0,4.0,0.0,5.0,5.0,3.0,0.0
3.0,5.0,2.0,5.0,2.0,3.0,1.0,4.0,4.0,4.0,0.0
2.0,2.0,0.0,5.0,2.0,0.0,3.0,1.0,4.0,3.0,3.0
4.0,5.0,1.0,0.0,2.0,4.0,1.0,4.0,4.0,5.0,3.0
4.0,5.0,5.0,2.0,2.0,4.0,0.0,3.0,4.0,4.0,5.0
2.0,5.0,1.0,3.0,1.0,5.0,0.0,2.0,0.0,1.0,0.0
4.0,3.0,2.0,3.0,0.0,3.0,1.0,2.0,1.0,4.0,3.0
0.0,3.0,0.0,3.0,2.0,3.0,3.0,1.0,5.0,4.0,0.0
4.0,5.0,3.0,5.0,5.0,3.0,1.0,2.0,4.0,4.0,4.0
1.0,3.0,2.0,4.0,3.0,3.0,4.0,3.0,2.0,4.0,1.0
4.0,5.0,1.0,4.0,1.0,4.0,3.0,4.0,4.0,5.0,4.0
3.0,4.0,2.0,5.0,3.0,4.0,1.0,1.0,5.0,2.0,2.0
5.0,5.0,5.0,3.0,5.0,5.0,2.0,5.0,4.0,4.0,5.0
3.0,5.0,4.0,1.0,0.0,4.0,3.0,3.0,2.0,3.0,1.0
5.0,4.0,4.0,2.0,1.0,1.0,1.0,4.0,5.0,2.0,3.0
5.0,5.0,5.0,4.0,5.0,3.0,0.0,3.0,4.0,4.0,4.0
1.0,5.0,2.0,2.0,3.0,3.0,4.0,2.0,5.0,2.0,4.0
4.0,4.0,4.0,2.0,5.0,1.0,0.0,4.0,5.0,3.0,3.0
1.0,4.0,1.0,4.0,2.0,5.0,3.0,2.0,2.0,4.0,2.0
2.0,5.0,5.0,5.0,4.0,2.0,3.0,3.0,1.0,2.0,1.0
2.0,4.0,3.0,2.0,2.0,3.0,0.0,4.0,5.0,4.0,3.0
5.0,5.0,1.0,4.0,1.0,4.0,2.0,5.0,5.0,5.0,2.0
2.0,3.0,1.0,3.0,2.0,3.0,1.0,1.0,3.0,4.0,5.0
1.0,5.0,0.0,4.0,3.0,5.0,2.0,5.0,5.0,2.0,1.0
1.0,4.0,1.0,3.0,3.0,4.0,3.0,5.0,4.0,5.0,4.0
3.0,3.0,0.0,0.0,5.0,3.0,3.0,5.0,5.0,5.0,2.0
3.0,5.0,0.0,1.0,1.0,2.0,0.0,4.0,5.0,2.0,5.0
3.0,3.0,1.0,1.0,1.0,0.0,2.0,5.0,5.0,3.0,4.0
5.0,2.0,3.0,5.0,4.0,4.0,4.0,1.0,4.0,2.0,0.0
3.0,5.0,1.0,2.0,2.0,1.0,0.0,3.0,5.0,4.0,2.0
1.0,5.0,3.0,2.0,2.0,1.0,0.0,4.0,5.0,4.0,4.0
4.0,5.0,0.0,1.0,1.0,4.0,2.0,5.0,4.0,2.0,2.0
3.0,5.0,4.0,1.0,2.0,4.0,0.0,2.0,4.0,5.0,0.0
0.0,5.0,4.0,3.0,0.0,3.0,2.0,5.0,5.0,3.0,0.0
3.0,4.0,1.0,3.0,2.0,4.0,0.0,3.0,4.0,1.0,3.0
4.0,3.0,0.0,2.0,5.0,2.0,4.0,4.0,4.0,2.0,4.0
1.0,3.0,0.0,4.0,1.0,4.0,3.0,4.0,5.0,4.0,0.0
3.0,4.0,0.0,1.0,4.0,3.0,0.0,2.0,4.0,4.0,1.0
5.0,5.0,4.0,3.0,2.0,3.0,1.0,5.0,5.0,5.0,3.0
1.0,4.0,5.0,4.0,3.0,0.0,2.0,4.0,4.0,3.0,1.0
5.0,3.0,1.0,1.0,2.0,2.0,3.0,2.0,4.0,3.0,2.0
5.0,1.0,1.0,3.0,2.0,3.0,1.0,1.0,4.0,5.0,3.0
4.0,5.0,5.0,3.0,5.0,2.0,0.0,3.0,5.0,4.0,4.0
2.0,2.0,0.0,3.0,4.0,4.0,4.0,4.0,4.0,3.0,3.0
4.0,3.0,1.0,5.0,1.0,2.0,2.0,5.0,3.0,2.0,5.0
4.0,2.0,0.0,1.0,1.0,3.0,0.0,3.0,4.0,3.0,3.0
3.0,2.0,4.0,5.0,1.0,5.0,2.0,3.0,5.0,5.0,0.0
4.0,2.0,5.0,3.0,3.0,2.0,4.0,3.0,4.0,4.0,5.0
4.0,4.0,4.0,1.0,4.0,5.0,4.0,3.0,5.0,5.0,4.0
5.0,3.0,1.0,2.0,3.0,5.0,1.0,3.0,2.0,3.0,5.0
6.0,4.0,1.0,4.0,4.0,2.0,5.0,2.0,4.0,2.0,4.0
1.0,4.0,4.0,5.0,4.0,5.0,3.0,3.0,5.0,3.0,0.0
1.0,4.0,0.0,4.0,5.0,1.0,2.0,4.0,5.0,2.0,3.0
2.0,2.0,1.0,5.0,1.0,1.0,0.0,1.0,4.0,5.0,2.0
1.0,2.0,2.0,3.0,5.0,2.0,1.0,3.0,5.0,4.0,5.0
3.0,5.0,3.0,4.0,0.0,4.0,3.0,4.0,2.0,3.0,3.0
3.0,5.0,3.0,3.0,0.0,5.0,2.0,2.0,2.0,3.0,1.0
1.0,3.0,1.0,1.0,5.0,1.0,1.0,4.0,5.0,5.0,3.0
2.0,5.0,0.0,1.0,5.0,3.0,2.0,5.0,3.0,3.0,5.0
3.0,3.0,2.0,2.0,4.0,3.0,0.0,3.0,3.0,4.0,4.0
3.0,5.0,2.0,5.0,2.0,3.0,2.0,4.0,4.0,2.0,3.0
3.0,4.0,1.0,2.0,1.0,4.0,2.0,2.0,2.0,5.0,1.0
2.0,1.0,2.0,4.0,4.0,1.0,3.0,2.0,5.0,5.0,3.0
3.0,1.0,0.0,5.0,1.0,4.0,4.0,2.0,3.0,2.0,3.0
4.0,5.0,4.0,3.0,4.0,2.0,0.0,4.0,3.0,2.0,3.0
1.0,4.0,0.0,2.0,2.0,5.0,4.0,5.0,3.0,2.0,4.0
3.0,4.0,1.0,2.0,1.0,3.0,4.0,5.0,4.0,4.0,2.0
4.0,2.0,0.0,3.0,2.0,5.0,2.0,5.0,3.0,3.0,4.0
1.0,2.0,1.0,4.0,0.0,5.0,0.0,2.0,4.0,2.0,1.0
4.0,5.0,4.0,1.0,3.0,4.0,4.0,4.0,2.0,3.0,2.0
4.0,4.0,5.0,5.0,4.0,5.0,2.0,4.0,4.0,3.0,3.0
3.0,5.0,0.0,3.0,1.0,4.0,2.0,4.0,5.0,4.0,0.0
0.0,5.0,4.0,1.0,3.0,5.0,0.0,4.0,5.0,4.0,4.0
4.0,2.0,0.0,1.0,5.0,1.0,4.0,1.0,5.0,4.0,3.0
3.0,2.0,0.0,5.0,2.0,1.0,0.0,5.0,5.0,3.0,2.0
1.0,5.0,0.0,4.0,4.0,4.0,0.0,3.0,2.0,3.0,2.0
3.0,1.0,1.0,5.0,5.0,3.0,3.0,2.0,3.0,5.0,4.0
3.0,4.0,4.0,3.0,3.0,3.0,0.0,4.0,3.0,5.0,0.0
3.0,5.0,4.0,3.0,5.0,5.0,1.0,3.0,1.0,4.0,2.0
5.0,3.0,4.0,2.0,4.0,3.0,4.0,2.0,4.0,5.0,5.0
2.0,5.0,0.0,3.0,4.0,1.0,1.0,5.0,4.0,4.0,4.0
4.0,5.0,0.0,4.0,0.0,5.0,0.0,3.0,3.0,4.0,2.0
3.0,5.0,5.0,3.0,0.0,5.0,0.0,3.0,2.0,3.0,2.0
3.0,4.0,3.0,4.0,1.0,2.0,4.0,3.0,2.0,3.0,1.0
3.0,2.0,1.0,0.0,5.0,3.0,2.0,2.0,4.0,5.0,2.0
2.0,5.0,2.0,3.0,3.0,2.0,4.0,4.0,3.0,4.0,5.0
4.0,3.0,1.0,2.0,4.0,4.0,1.0,2.0,5.0,4.0,3.0
4.0,4.0,2.0,5.0,2.0,2.0,1.0,5.0,4.0,3.0,5.0
1.0,5.0,2.0,3.0,5.0,4.0,5.0,3.0,2.0,5.0,0.0
1.0,5.0,1.0,5.0,1.0,5.0,0.0,3.0,4.0,4.0,0.0
4.0,2.0,1.0,3.0,1.0,2.0,3.0,3.0,5.0,4.0,5.0
4.0,5.0,5.0,5.0,0.0,5.0,2.0,3.0,1.0,2.0,2.0
4.0,4.0,4.0,4.0,4.0,4.0,2.0,2.0,3.0,4.0,3.0
4.0,5.0,1.0,5.0,0.0,5.0,4.0,4.0,3.0,4.0,0.0
1.0,4.0,0.0,4.0,0.0,3.0,3.0,3.0,5.0,2.0,0.0
2.0,3.0,3.0,3.0,5.0,4.0,1.0,5.0,5.0,5.0,3.0
4.0,3.0,4.0,3.0,2.0,2.0,0.0,4.0,5.0,2.0,5.0
4.0,0.0,1.0,3.0,0.0,3.0,0.0,5.0,4.0,2.0,2.0
2.0,1.0,4.0,5.0,2.0,4.0,4.0,4.0,3.0,5.0,3.0
3.0,4.0,5.0,0.0,1.0,2.0,2.0,4.0,5.0,4.0,3.0
6.0,4.0,4.0,4.0,1.0,4.0,4.0,5.0,4.0,1.0,1.0
0.0,2.0,2.0,0.0,4.0,3.0,3.0,4.0,5.0,5.0,2.0
3.0,5.0,5.0,4.0,2.0,2.0,1.0,3.0,4.0,5.0,5.0
4.0,1.0,1.0,5.0,5.0,2.0,4.0,3.0,5.0,5.0,4.0
3.0,1.0,4.0,3.0,2.0,2.0,0.0,2.0,4.0,4.0,2.0
3.0,5.0,1.0,2.0,1.0,3.0,0.0,1.0,3.0,4.0,4.0
5.0,2.0,2.0,2.0,4.0,2.0,1.0,2.0,3.0,5.0,5.0
4.0,2.0,2.0,3.0,1.0,4.0,3.0,2.0,4.0,4.0,1.0
4.0,4.0,4.0,1.0,3.0,5.0,3.0,3.0,4.0,4.0,2.0
4.0,5.0,1.0,2.0,4.0,3.0,2.0,3.0,4.0,1.0,3.0
2.0,5.0,0.0,1.0,5.0,2.0,0.0,4.0,5.0,2.0,5.0
3.0,5.0,5.0,3.0,2.0,5.0,0.0,3.0,2.0,3.0,5.0
3.0,5.0,0.0,0.0,3.0,1.0,2.0,3.0,5.0,5.0,2.0
3.0,5.0,1.0,3.0,0.0,5.0,3.0,4.0,4.0,4.0,1.0
5.0,5.0,5.0,4.0,0.0,5.0,0.0,4.0,3.0,5.0,2.0
1.0,2.0,1.0,3.0,1.0,2.0,1.0,3.0,5.0,5.0,3.0
1.0,5.0,0.0,2.0,5.0,5.0,0.0,1.0,4.0,3.0,2.0
4.0,4.0,1.0,1.0,3.0,2.0,2.0,3.0,4.0,4.0,2.0
4.0,3.0,4.0,3.0,1.0,2.0,0.0,2.0,4.0,4.0,4.0
4.0,4.0,2.0,2.0,5.0,2.0,1.0,3.0,5.0,5.0,2.0
4.0,3.0,0.0,2.0,1.0,3.0,1.0,4.0,4.0,4.0,3.0
0.0,5.0,3.0,2.0,1.0,3.0,3.0,3.0,5.0,3.0,4.0
3.0,4.0,0.0,2.0,2.0,2.0,2.0,4.0,3.0,4.0,4.0
4.0,5.0,0.0,2.0,4.0,3.0,2.0,4.0,4.0,2.0,3.0
4.0,5.0,4.0,4.0,1.0,0.0,4.0,4.0,5.0,3.0,2.0
1.0,5.0,5.0,5.0,4.0,5.0,1.0,3.0,2.0,5.0,1.0
4.0,5.0,0.0,5.0,4.0,5.0,3.0,5.0,2.0,3.0,1.0
1.0,5.0,5.0,3.0,4.0,3.0,3.0,3.0,5.0,2.0,3.0
2.0,4.0,0.0,3.0,1.0,4.0,0.0,4.0,2.0,1.0,3.0
6.0,2.0,2.0,4.0,5.0,3.0,5.0,3.0,4.0,4.0,4.0
4.0,2.0,2.0,3.0,3.0,4.0,2.0,2.0,2.0,3.0,4.0
4.0,4.0,4.0,3.0,5.0,2.0,0.0,3.0,5.0,2.0,5.0
5.0,4.0,5.0,2.0,2.0,3.0,2.0,3.0,4.0,3.0,5.0
3.0,1.0,2.0,4.0,5.0,3.0,0.0,2.0,5.0,5.0,2.0
3.0,4.0,4.0,1.0,1.0,1.0,2.0,3.0,4.0,4.0,4.0
5.0,3.0,2.0,2.0,5.0,2.0,5.0,2.0,5.0,4.0,3.0
2.0,5.0,4.0,2.0,1.0,3.0,2.0,4.0,5.0,4.0,0.0
4.0,4.0,1.0,1.0,1.0,0.0,3.0,4.0,5.0,5.0,2.0
1.0,2.0,1.0,3.0,3.0,2.0,1.0,3.0,5.0,5.0,3.0
2.0,3.0,4.0,5.0,4.0,2.0,4.0,5.0,5.0,4.0,1.0
4.0,5.0,2.0,4.0,2.0,5.0,0.0,4.0,2.0,3.0,5.0
2.0,3.0,3.0,2.0,5.0,3.0,2.0,3.0,4.0,5.0,2.0
1.0,2.0,5.0,3.0,3.0,5.0,4.0,2.0,2.0,5.0,1.0
3.0,2.0,0.0,1.0,3.0,3.0,0.0,3.0,5.0,5.0,0.0
4.0,5.0,4.0,5.0,5.0,3.0,3.0,5.0,5.0,3.0,1.0
3.0,1.0,1.0,1.0,1.0,2.0,1.0,2.0,4.0,4.0,2.0
2.0,5.0,4.0,3.0,2.0,2.0,4.0,5.0,1.0,4.0,2.0
1.0,5.0,5.0,1.0,5.0,3.0,1.0,4.0,4.0,2.0,3.0
3.0,5.0,5.0,1.0,0.0,3.0,0.0,5.0,3.0,2.0,1.0
1.0,3.0,2.0,3.0,5.0,5.0,0.0,3.0,3.0,5.0,3.0
1.0,5.0,2.0,2.0,3.0,2.0,0.0,4.0,4.0,5.0,5.0
2.0,5.0,3.0,2.0,5.0,1.0,2.0,4.0,3.0,4.0,3.0
2.0,5.0,5.0,2.0,2.0,5.0,0.0,4.0,2.0,4.0,1.0
3.0,4.0,1.0,1.0,5.0,4.0,4.0,4.0,5.0,5.0,4.0
3.0,5.0,0.0,5.0,2.0,3.0,1.0,5.0,1.0,4.0,0.0
2.0,4.0,4.0,3.0,3.0,3.0,4.0,5.0,4.0,4.0,4.0
4.0,4.0,3.0,2.0,2.0,5.0,3.0,3.0,4.0,2.0,5.0
3.0,4.0,2.0,3.0,1.0,1.0,1.0,4.0,5.0,4.0,5.0
4.0,4.0,1.0,3.0,1.0,2.0,3.0,3.0,3.0,5.0,3.0
2.0,5.0,5.0,2.0,5.0,3.0,0.0,5.0,5.0,5.0,4.0
5.0,5.0,5.0,4.0,4.0,5.0,0.0,2.0,1.0,5.0,5.0
2.0,5.0,1.0,0.0,4.0,4.0,1.0,5.0,3.0,3.0,3.0
0.0,3.0,0.0,4.0,4.0,2.0,4.0,4.0,4.0,4.0,1.0
1.0,5.0,4.0,3.0,2.0,2.0,0.0,3.0,5.0,5.0,1.0
4.0,4.0,3.0,0.0,3.0,2.0,3.0,4.0,5.0,4.0,4.0
5.0,2.0,0.0,5.0,1.0,3.0,0.0,3.0,4.0,4.0,4.0
1.0,4.0,3.0,4.0,1.0,4.0,2.0,4.0,5.0,4.0,1.0
3.0,5.0,1.0,5.0,5.0,2.0,1.0,4.0,4.0,5.0,4.0
4.0,5.0,1.0,3.0,3.0,5.0,0.0,5.0,3.0,3.0,5.0
3.0,5.0,4.0,3.0,1.0,4.0,0.0,5.0,5.0,3.0,0.0
3.0,4.0,5.0,0.0,1.0,4.0,0.0,4.0,5.0,4.0,0.0
2.0,4.0,0.0,4.0,4.0,5.0,2.0,5.0,2.0,5.0,3.0
2.0,4.0,2.0,4.0,2.0,5.0,4.0,3.0,3.0,5.0,5.0
3.0,4.0,1.0,3.0,4.0,5.0,3.0,4.0,3.0,4.0,2.0
4.0,1.0,4.0,5.0,0.0,5.0,3.0,4.0,2.0,2.0,3.0
3.0,5.0,5.0,0.0,1.0,4.0,3.0,2.0,2.0,2.0,2.0
3.0,5.0,5.0,3.0,4.0,3.0,0.0,4.0,4.0,2.0,2.0
2.0,4.0,4.0,1.0,2.0,4.0,1.0,3.0,3.0,3.0,4.0
3.0,4.0,3.0,2.0,1.0,5.0,1.0,3.0,5.0,3.0,4.0
3.0,4.0,2.0,3.0,4.0,1.0,3.0,3.0,4.0,4.0,3.0
1.0,3.0,1.0,2.0,1.0,3.0,4.0,3.0,5.0,5.0,3.0
2.0,1.0,3.0,3.0,0.0,0.0,1.0,4.0,5.0,4.0,4.0
4.0,3.0,2.0,1.0,5.0,2.0,4.0,3.0,5.0,4.0,3.0
4.0,4.0,4.0,1.0,2.0,4.0,3.0,3.0,5.0,4.0,5.0
3.0,2.0,1.0,5.0,1.0,5.0,5.0,2.0,5.0,5.0,3.0
3.0,1.0,0.0,3.0,5.0,1.0,4.0,3.0,4.0,5.0,1.0
4.0,5.0,5.0,1.0,5.0,2.0,2.0,3.0,5.0,5.0,4.0
2.0,1.0,1.0,2.0,4.0,3.0,3.0,3.0,5.0,4.0,4.0
4.0,3.0,1.0,5.0,2.0,2.0,3.0,5.0,5.0,2.0,3.0
4.0,5.0,3.0,1.0,4.0,5.0,0.0,3.0,4.0,3.0,4.0
4.0,2.0,0.0,5.0,5.0,3.0,0.0,4.0,5.0,3.0,2.0
2.0,4.0,4.0,4.0,0.0,4.0,3.0,1.0,5.0,2.0,3.0
5.0,3.0,2.0,5.0,1.0,5.0,3.0,2.0,3.0,5.0,3.0
1.0,4.0,3.0,4.0,1.0,3.0,3.0,4.0,4.0,2.0,4.0
4.0,0.0,0.0,5.0,1.0,2.0,3.0,3.0,5.0,4.0,1.0
3.0,5.0,5.0,3.0,0.0,3.0,0.0,4.0,3.0,4.0,3.0
1.0,5.0,5.0,3.0,5.0,2.0,1.0,4.0,5.0,5.0,2.0
5.0,3.0,1.0,3.0,1.0,2.0,4.0,3.0,3.0,4.0,3.0
1.0,3.0,1.0,2.0,4.0,4.0,3.0,5.0,4.0,3.0,3.0
6.0,2.0,4.0,3.0,4.0,3.0,4.0,3.0,5.0,4.0,3.0
3.0,5.0,5.0,5.0,5.0,5.0,3.0,2.0,5.0,3.0,1.0
4.0,5.0,3.0,3.0,4.0,5.0,1.0,4.0,3.0,2.0,3.0
5.0,3.0,0.0,4.0,0.0,4.0,3.0,2.0,5.0,5.0,4.0
5.0,4.0,0.0,0.0,3.0,0.0,4.0,5.0,5.0,5.0,5.0
4.0,5.0,5.0,2.0,2.0,2.0,2.0,4.0,3.0,5.0,4.0
3.0,2.0,1.0,5.0,1.0,3.0,1.0,5.0,4.0,4.0,1.0
2.0,4.0,1.0,2.0,2.0,5.0,4.0,4.0,2.0,2.0,2.0
0.0,5.0,3.0,0.0,0.0,3.0,3.0,5.0,5.0,5.0,0.0
1.0,5.0,5.0,2.0,3.0,2.0,0.0,5.0,5.0,5.0,1.0
3.0,4.0,3.0,3.0,4.0,4.0,3.0,2.0,5.0,3.0,2.0
4.0,3.0,2.0,5.0,3.0,4.0,2.0,0.0,3.0,3.0,3.0
2.0,3.0,1.0,3.0,5.0,4.0,3.0,4.0,5.0,3.0,4.0
3.0,4.0,5.0,3.0,4.0,3.0,2.0,4.0,3.0,3.0,2.0
2.0,5.0,5.0,2.0,5.0,4.0,4.0,4.0,4.0,4.0,4.0
1.0,5.0,0.0,2.0,1.0,4.0,0.0,5.0,5.0,3.0,1.0
1.0,4.0,5.0,1.0,2.0,4.0,0.0,3.0,2.0,5.0,2.0
5.0,3.0,4.0,3.0,5.0,3.0,1.0,5.0,5.0,4.0,4.0
1.0,0.0,3.0,2.0,1.0,2.0,2.0,4.0,5.0,3.0,2.0
3.0,4.0,4.0,3.0,5.0,2.0,1.0,2.0,5.0,5.0,1.0
2.0,4.0,4.0,4.0,2.0,4.0,0.0,3.0,1.0,4.0,1.0
3.0,5.0,4.0,1.0,5.0,5.0,0.0,4.0,3.0,3.0,2.0
3.0,2.0,0.0,5.0,4.0,1.0,3.0,2.0,5.0,3.0,3.0
4.0,5.0,5.0,2.0,4.0,3.0,5.0,5.0,3.0,4.0,5.0
4.0,1.0,5.0,3.0,4.0,3.0,0.0,1.0,3.0,4.0,1.0
2.0,4.0,4.0,3.0,3.0,3.0,2.0,3.0,3.0,3.0,2.0
3.0,5.0,5.0,2.0,2.0,3.0,3.0,4.0,3.0,4.0,0.0
1.0,5.0,5.0,4.0,4.0,4.0,0.0,3.0,4.0,5.0,5.0
0.0,5.0,4.0,2.0,0.0,5.0,0.0,3.0,3.0,5.0,0.0
1.0,3.0,0.0,2.0,4.0,2.0,3.0,5.0,5.0,4.0,2.0
1.0,5.0,5.0,3.0,2.0,5.0,4.0,4.0,3.0,3.0,2.0
1.0,3.0,1.0,1.0,3.0,1.0,1.0,3.0,5.0,5.0,4.0
6.0,5.0,4.0,5.0,2.0,4.0,0.0,3.0,3.0,5.0,2.0
2.0,4.0,5.0,3.0,5.0,3.0,1.0,5.0,3.0,5.0,2.0
1.0,3.0,1.0,5.0,4.0,4.0,2.0,0.0,4.0,1.0,1.0
4.0,1.0,2.0,1.0,3.0,3.0,4.0,3.0,5.0,5.0,2.0
2.0,5.0,0.0,4.0,5.0,2.0,0.0,5.0,5.0,4.0,2.0
4.0,3.0,5.0,5.0,5.0,5.0,0.0,3.0,4.0,3.0,0.0
0.0,5.0,0.0,2.0,1.0,1.0,0.0,4.0,5.0,2.0,4.0
1.0,5.0,2.0,4.0,4.0,5.0,2.0,3.0,2.0,3.0,0.0
4.0,5.0,2.0,4.0,2.0,3.0,0.0,5.0,3.0,5.0,4.0
2.0,2.0,4.0,4.0,1.0,5.0,4.0,3.0,3.0,3.0,1.0
4.0,4.0,0.0,0.0,1.0,2.0,4.0,5.0,5.0,3.0,5.0
4.0,2.0,0.0,4.0,5.0,5.0,2.0,1.0,4.0,3.0,0.0
5.0,1.0,5.0,4.0,5.0,1.0,2.0,3.0,5.0,3.0,3.0
5.0,4.0,0.0,0.0,5.0,2.0,0.0,5.0,5.0,5.0,5.0
3.0,5.0,5.0,4.0,1.0,5.0,1.0,2.0,1.0,2.0,2.0
4.0,4.0,4.0,4.0,5.0,3.0,0.0,4.0,3.0,4.0,2.0
3.0,0.0,2.0,3.0,3.0,0.0,5.0,1.0,5.0,3.0,4.0
4.0,4.0,1.0,0.0,5.0,2.0,2.0,4.0,5.0,5.0,5.0
2.0,5.0,1.0,3.0,5.0,3.0,1.0,5.0,2.0,4.0,3.0
4.0,4.0,0.0,3.0,3.0,4.0,2.0,4.0,3.0,4.0,2.0
4.0,4.0,3.0,1.0,2.0,5.0,3.0,5.0,1.0,3.0,5.0
4.0,5.0,4.0,3.0,1.0,5.0,0.0,2.0,2.0,3.0,0.0
3.0,3.0,4.0,4.0,4.0,4.0,3.0,5.0,4.0,5.0,2.0
2.0,4.0,3.0,4.0,2.0,2.0,3.0,2.0,4.0,3.0,1.0
1.0,5.0,0.0,3.0,2.0,4.0,3.0,3.0,5.0,3.0,0.0
3.0,3.0,0.0,3.0,1.0,0.0,3.0,2.0,5.0,4.0,2.0
4.0,5.0,5.0,2.0,3.0,3.0,0.0,4.0,4.0,3.0,0.0
4.0,4.0,0.0,3.0,4.0,5.0,3.0,4.0,3.0,2.0,5.0
2.0,4.0,4.0,5.0,1.0,2.0,3.0,4.0,3.0,4.0,0.0
4.0,5.0,1.0,1.0,4.0,2.0,3.0,4.0,4.0,4.0,2.0
2.0,5.0,5.0,3.0,5.0,2.0,3.0,2.0,4.0,4.0,3.0
3.0,5.0,5.0,1.0,4.0,4.0,1.0,3.0,3.0,4.0,2.0
3.0,3.0,2.0,3.0,1.0,4.0,3.0,2.0,3.0,4.0,2.0
1.0,3.0,1.0,1.0,3.0,5.0,4.0,5.0,3.0,3.0,4.0
3.0,2.0,1.0,3.0,0.0,2.0,3.0,3.0,4.0,5.0,1.0
4.0,3.0,1.0,5.0,0.0,1.0,0.0,3.0,5.0,2.0,0.0
3.0,0.0,1.0,4.0,5.0,2.0,5.0,1.0,4.0,2.0,4.0
4.0,5.0,4.0,2.0,2.0,5.0,0.0,4.0,2.0,3.0,2.0
3.0,2.0,4.0,3.0,1.0,4.0,3.0,3.0,5.0,3.0,2.0
3.0,5.0,5.0,3.0,2.0,3.0,1.0,5.0,3.0,4.0,5.0
4.0,5.0,2.0,3.0,0.0,5.0,2.0,3.0,2.0,5.0,3.0
3.0,5.0,2.0,1.0,1.0,2.0,0.0,5.0,4.0,3.0,2.0
5.0,5.0,5.0,2.0,2.0,3.0,1.0,4.0,4.0,5.0,2.0
4.0,4.0,3.0,4.0,5.0,4.0,0.0,4.0,3.0,2.0,4.0
6.0,4.0,1.0,4.0,2.0,2.0,0.0,3.0,5.0,1.0,4.0
2.0,5.0,3.0,2.0,3.0,2.0,3.0,4.0,4.0,5.0,2.0
2.0,3.0,4.0,5.0,3.0,3.0,0.0,2.0,5.0,4.0,0.0
3.0,5.0,2.0,3.0,0.0,4.0,2.0,5.0,3.0,5.0,0.0
4.0,4.0,2.0,4.0,0.0,4.0,0.0,3.0,5.0,3.0,4.0
2.0,5.0,5.0,3.0,3.0,5.0,1.0,4.0,5.0,2.0,4.0
2.0,5.0,5.0,5.0,5.0,5.0,3.0,2.0,3.0,4.0,2.0
2.0,2.0,2.0,4.0,1.0,2.0,3.0,5.0,5.0,4.0,2.0
3.0,4.0,3.0,1.0,3.0,2.0,5.0,4.0,4.0,5.0,4.0
4.0,5.0,5.0,3.0,3.0,3.0,4.0,3.0,4.0,4.0,1.0
1.0,5.0,1.0,5.0,5.0,4.0,3.0,4.0,5.0,5.0,4.0
3.0,5.0,5.0,0.0,2.0,4.0,1.0,3.0,2.0,5.0,4.0
0.0,3.0,1.0,3.0,5.0,2.0,0.0,3.0,5.0,3.0,3.0
3.0,5.0,3.0,2.0,2.0,3.0,3.0,4.0,4.0,4.0,2.0
3.0,3.0,0.0,4.0,0.0,1.0,4.0,2.0,3.0,3.0,3.0
4.0,3.0,1.0,2.0,1.0,2.0,3.0,3.0,5.0,2.0,3.0
4.0,4.0,0.0,3.0,1.0,5.0,4.0,4.0,1.0,3.0,2.0
1.0,3.0,0.0,1.0,3.0,2.0,0.0,2.0,4.0,3.0,2.0
3.0,3.0,1.0,5.0,3.0,5.0,3.0,3.0,2.0,4.0,1.0
1.0,5.0,5.0,4.0,3.0,1.0,0.0,1.0,2.0,4.0,4.0
3.0,4.0,5.0,3.0,1.0,4.0,3.0,3.0,5.0,3.0,2.0
2.0,3.0,5.0,2.0,1.0,2.0,2.0,3.0,4.0,3.0,1.0
2.0,5.0,3.0,4.0,5.0,4.0,4.0,3.0,1.0,5.0,5.0
1.0,5.0,1.0,5.0,5.0,4.0,0.0,5.0,3.0,5.0,4.0
3.0,3.0,0.0,3.0,5.0,3.0,0.0,5.0,5.0,4.0,2.0
1.0,5.0,0.0,5.0,4.0,3.0,2.0,5.0,4.0,5.0,1.0
3.0,3.0,0.0,5.0,0.0,2.0,3.0,2.0,5.0,3.0,2.0
1.0,3.0,1.0,2.0,3.0,2.0,3.0,4.0,5.0,5.0,5.0
3.0,4.0,3.0,3.0,2.0,4.0,1.0,2.0,4.0,3.0,1.0
1.0,5.0,3.0,2.0,5.0,3.0,0.0,4.0,5.0,4.0,1.0
3.0,4.0,4.0,3.0,4.0,3.0,2.0,4.0,2.0,5.0,0.0
4.0,3.0,5.0,5.0,0.0,5.0,2.0,4.0,3.0,2.0,4.0
3.0,2.0,1.0,4.0,4.0,2.0,3.0,5.0,4.0,3.0,4.0
2.0,5.0,2.0,0.0,5.0,5.0,2.0,4.0,1.0,4.0,4.0
0.0,5.0,0.0,4.0,3.0,3.0,1.0,3.0,5.0,5.0,3.0
0.0,4.0,2.0,3.0,5.0,4.0,2.0,3.0,4.0,5.0,2.0
5.0,4.0,4.0,4.0,4.0,5.0,3.0,3.0,3.0,3.0,1.0
2.0,4.0,5.0,2.0,2.0,3.0,3.0,2.0,5.0,3.0,5.0
3.0,4.0,0.0,1.0,5.0,3.0,0.0,4.0,3.0,4.0,3.0
1.0,4.0,1.0,3.0,0.0,3.0,4.0,4.0,5.0,4.0,3.0
4.0,2.0,4.0,5.0,2.0,3.0,4.0,2.0,3.0,5.0,3.0
4.0,5.0,0.0,1.0,2.0,1.0,0.0,5.0,4.0,2.0,3.0
1.0,2.0,3.0,5.0,0.0,3.0,1.0,2.0,3.0,4.0,3.0
3.0,1.0,0.0,4.0,2.0,4.0,0.0,2.0,4.0,4.0,0.0
5.0,5.0,5.0,1.0,5.0,4.0,1.0,5.0,4.0,4.0,5.0
6.0,4.0,2.0,2.0,5.0,5.0,1.0,5.0,4.0,3.0,5.0
2.0,4.0,4.0,4.0,5.0,2.0,3.0,5.0,4.0,5.0,5.0
2.0,3.0,3.0,2.0,2.0,4.0,3.0,3.0,4.0,5.0,4.0
3.0,5.0,4.0,3.0,2.0,2.0,3.0,2.0,4.0,5.0,1.0
6.0,3.0,5.0,3.0,1.0,2.0,1.0,1.0,3.0,4.0,3.0
4.0,5.0,4.0,2.0,5.0,4.0,0.0,5.0,2.0,2.0,4.0
3.0,5.0,4.0,3.0,5.0,5.0,1.0,3.0,2.0,5.0,3.0
3.0,5.0,2.0,1.0,3.0,2.0,0.0,3.0,5.0,5.0,4.0
3.0,4.0,4.0,2.0,1.0,2.0,3.0,3.0,5.0,4.0,4.0
3.0,5.0,4.0,3.0,2.0,4.0,0.0,5.0,4.0,4.0,3.0
2.0,5.0,3.0,2.0,3.0,4.0,4.0,3.0,4.0,5.0,3.0
4.0,5.0,3.0,4.0,4.0,2.0,0.0,5.0,4.0,2.0,1.0
5.0,2.0,0.0,3.0,2.0,1.0,4.0,5.0,3.0,4.0,5.0
6.0,3.0,4.0,4.0,1.0,4.0,3.0,4.0,3.0,2.0,3.0
5.0,2.0,1.0,3.0,4.0,3.0,4.0,1.0,3.0,3.0,5.0
5.0,5.0,1.0,2.0,2.0,2.0,3.0,3.0,2.0,3.0,4.0
3.0,4.0,0.0,5.0,5.0,3.0,4.0,5.0,3.0,5.0,2.0
3.0,5.0,0.0,4.0,4.0,4.0,3.0,5.0,2.0,1.0,2.0
4.0,5.0,2.0,3.0,5.0,3.0,0.0,3.0,4.0,5.0,0.0
3.0,5.0,1.0,2.0,5.0,2.0,3.0,3.0,5.0,5.0,4.0
3.0,5.0,0.0,2.0,2.0,2.0,3.0,4.0,5.0,4.0,3.0
7.0,3.0,3.0,4.0,5.0,5.0,4.0,4.0,3.0,5.0,4.0
0.0,2.0,0.0,0.0,5.0,2.0,3.0,4.0,5.0,4.0,2.0
0.0,5.0,5.0,2.0,4.0,4.0,0.0,5.0,5.0,1.0,2.0
1.0,3.0,3.0,3.0,1.0,5.0,2.0,3.0,5.0,5.0,1.0
5.0,3.0,1.0,5.0,1.0,4.0,1.0,3.0,2.0,5.0,2.0
4.0,5.0,5.0,2.0,1.0,2.0,3.0,4.0,4.0,3.0,3.0
0.0,2.0,0.0,3.0,1.0,3.0,3.0,3.0,4.0,5.0,0.0
3.0,4.0,4.0,3.0,3.0,5.0,0.0,3.0,5.0,5.0,2.0
3.0,2.0,0.0,1.0,1.0,2.0,3.0,1.0,5.0,5.0,5.0
1.0,5.0,2.0,1.0,5.0,2.0,0.0,4.0,5.0,4.0,5.0
4.0,2.0,0.0,3.0,5.0,5.0,1.0,3.0,2.0,4.0,3.0
4.0,5.0,4.0,3.0,3.0,1.0,0.0,4.0,4.0,4.0,2.0
5.0,3.0,3.0,2.0,2.0,3.0,5.0,3.0,4.0,4.0,5.0
2.0,4.0,5.0,5.0,3.0,4.0,1.0,2.0,3.0,4.0,3.0
5.0,4.0,1.0,4.0,2.0,5.0,2.0,3.0,1.0,2.0,3.0
4.0,3.0,1.0,4.0,0.0,4.0,4.0,4.0,4.0,4.0,0.0
1.0,5.0,1.0,3.0,2.0,2.0,4.0,3.0,3.0,4.0,1.0
2.0,5.0,0.0,4.0,3.0,2.0,3.0,3.0,5.0,5.0,4.0
4.0,4.0,1.0,4.0,1.0,2.0,4.0,2.0,5.0,3.0,3.0
3.0,5.0,4.0,4.0,4.0,1.0,2.0,4.0,2.0,3.0,1.0
3.0,4.0,0.0,0.0,2.0,4.0,4.0,3.0,4.0,2.0,3.0
4.0,4.0,2.0,1.0,1.0,2.0,0.0,3.0,3.0,4.0,1.0
2.0,4.0,4.0,4.0,0.0,4.0,0.0,5.0,4.0,5.0,0.0
4.0,5.0,2.0,3.0,4.0,2.0,1.0,4.0,4.0,3.0,4.0
2.0,5.0,4.0,3.0,4.0,2.0,1.0,4.0,4.0,4.0,2.0
5.0,3.0,3.0,2.0,4.0,2.0,0.0,3.0,4.0,5.0,2.0
5.0,5.0,4.0,2.0,3.0,4.0,0.0,5.0,4.0,3.0,5.0
5.0,5.0,3.0,2.0,3.0,3.0,5.0,3.0,2.0,2.0,5.0
5.0,2.0,3.0,5.0,1.0,4.0,2.0,3.0,3.0,3.0,2.0
2.0,3.0,0.0,5.0,5.0,4.0,3.0,4.0,5.0,3.0,2.0
5.0,3.0,2.0,4.0,1.0,4.0,5.0,2.0,5.0,3.0,5.0
2.0,5.0,4.0,0.0,2.0,5.0,2.0,5.0,5.0,4.0,2.0
3.0,5.0,1.0,1.0,2.0,3.0,0.0,5.0,4.0,5.0,3.0
6.0,4.0,0.0,3.0,5.0,2.0,4.0,4.0,3.0,4.0,4.0
3.0,5.0,4.0,4.0,5.0,4.0,3.0,4.0,5.0,4.0,5.0
3.0,3.0,2.0,0.0,1.0,2.0,5.0,4.0,4.0,3.0,3.0
1.0,5.0,4.0,0.0,0.0,1.0,0.0,5.0,5.0,2.0,3.0
2.0,5.0,3.0,1.0,1.0,1.0,0.0,5.0,5.0,5.0,1.0
3.0,5.0,0.0,2.0,1.0,3.0,0.0,5.0,5.0,4.0,4.0
0.0,5.0,4.0,2.0,5.0,3.0,2.0,5.0,5.0,3.0,3.0
4.0,3.0,1.0,3.0,2.0,4.0,0.0,3.0,2.0,4.0,0.0
2.0,5.0,3.0,2.0,0.0,3.0,1.0,5.0,4.0,5.0,3.0
2.0,5.0,4.0,3.0,2.0,3.0,3.0,5.0,3.0,4.0,2.0
5.0,5.0,5.0,2.0,4.0,2.0,3.0,3.0,4.0,2.0,3.0
1.0,5.0,0.0,1.0,5.0,3.0,1.0,5.0,4.0,5.0,4.0
3.0,3.0,0.0,2.0,0.0,4.0,1.0,4.0,3.0,4.0,4.0
2.0,4.0,1.0,3.0,2.0,4.0,2.0,5.0,4.0,4.0,3.0
3.0,5.0,0.0,0.0,3.0,3.0,1.0,3.0,4.0,4.0,4.0
4.0,4.0,5.0,2.0,2.0,2.0,5.0,4.0,1.0,1.0,4.0
1.0,2.0,1.0,3.0,5.0,3.0,3.0,4.0,5.0,5.0,1.0
1.0,4.0,4.0,0.0,5.0,4.0,1.0,3.0,3.0,5.0,4.0
4.0,5.0,5.0,2.0,2.0,4.0,3.0,2.0,2.0,2.0,3.0
0.0,4.0,0.0,1.0,2.0,3.0,0.0,3.0,5.0,2.0,0.0
1.0,5.0,0.0,2.0,1.0,1.0,3.0,4.0,5.0,5.0,4.0
1.0,4.0,1.0,4.0,5.0,4.0,3.0,5.0,4.0,1.0,3.0
3.0,3.0,5.0,4.0,3.0,4.0,4.0,3.0,3.0,3.0,2.0
3.0,5.0,5.0,5.0,4.0,5.0,0.0,5.0,5.0,4.0,2.0
4.0,3.0,0.0,5.0,5.0,4.0,4.0,2.0,3.0,3.0,0.0
3.0,5.0,0.0,4.0,3.0,3.0,2.0,5.0,3.0,3.0,2.0
4.0,4.0,5.0,1.0,1.0,3.0,3.0,5.0,4.0,3.0,3.0
3.0,2.0,0.0,3.0,3.0,2.0,3.0,3.0,5.0,3.0,2.0
5.0,5.0,1.0,3.0,5.0,4.0,2.0,4.0,5.0,4.0,3.0
3.0,2.0,0.0,5.0,1.0,3.0,0.0,5.0,5.0,5.0,4.0
4.0,4.0,1.0,3.0,5.0,3.0,0.0,3.0,2.0,5.0,3.0
4.0,4.0,0.0,5.0,2.0,4.0,0.0,5.0,5.0,2.0,1.0
1.0,5.0,1.0,4.0,3.0,2.0,0.0,4.0,4.0,4.0,2.0
4.0,1.0,0.0,5.0,2.0,1.0,4.0,4.0,5.0,5.0,3.0
1.0,4.0,0.0,1.0,5.0,1.0,3.0,2.0,5.0,4.0,1.0
5.0,5.0,1.0,5.0,5.0,2.0,4.0,3.0,4.0,4.0,4.0
1.0,4.0,2.0,3.0,0.0,3.0,4.0,3.0,3.0,3.0,3.0
2.0,5.0,0.0,2.0,4.0,2.0,2.0,5.0,5.0,5.0,2.0
5.0,4.0,5.0,4.0,1.0,3.0,2.0,4.0,2.0,4.0,2.0
0.0,5.0,1.0,3.0,5.0,3.0,5.0,4.0,3.0,4.0,1.0
4.0,3.0,2.0,3.0,5.0,3.0,3.0,5.0,3.0,5.0,5.0
4.0,4.0,5.0,2.0,4.0,5.0,4.0,3.0,3.0,2.0,4.0
3.0,5.0,1.0,4.0,2.0,2.0,4.0,4.0,4.0,4.0,4.0
2.0,2.0,4.0,4.0,4.0,2.0,3.0,1.0,4.0,3.0,3.0
2.0,5.0,4.0,5.0,2.0,5.0,1.0,4.0,3.0,2.0,1.0
4.0,4.0,4.0,3.0,3.0,5.0,4.0,2.0,3.0,5.0,1.0
4.0,5.0,4.0,1.0,2.0,2.0,2.0,4.0,5.0,3.0,4.0
0.0,4.0,0.0,5.0,0.0,2.0,0.0,3.0,2.0,3.0,2.0
2.0,0.0,4.0,5.0,0.0,3.0,3.0,2.0,3.0,4.0,1.0
4.0,5.0,5.0,3.0,2.0,4.0,0.0,4.0,4.0,3.0,1.0
2.0,5.0,4.0,2.0,4.0,3.0,0.0,3.0,5.0,4.0,3.0
5.0,5.0,4.0,5.0,2.0,5.0,0.0,3.0,2.0,3.0,0.0
2.0,3.0,3.0,3.0,1.0,2.0,2.0,4.0,3.0,4.0,2.0
1.0,4.0,0.0,3.0,1.0,2.0,1.0,4.0,5.0,4.0,4.0
4.0,4.0,0.0,2.0,0.0,3.0,0.0,4.0,5.0,3.0,4.0
1.0,4.0,3.0,1.0,2.0,4.0,4.0,2.0,4.0,4.0,3.0
1.0,5.0,0.0,2.0,1.0,1.0,2.0,5.0,4.0,4.0,2.0
0.0,4.0,4.0,2.0,5.0,3.0,0.0,5.0,4.0,5.0,4.0
2.0,5.0,1.0,0.0,0.0,0.0,4.0,5.0,5.0,3.0,1.0
4.0,5.0,3.0,2.0,2.0,4.0,4.0,4.0,3.0,4.0,2.0
1.0,3.0,1.0,1.0,4.0,2.0,3.0,4.0,5.0,4.0,3.0
3.0,4.0,4.0,3.0,1.0,2.0,2.0,1.0,3.0,4.0,0.0
3.0,5.0,4.0,1.0,1.0,4.0,0.0,4.0,2.0,3.0,2.0
2.0,4.0,2.0,0.0,1.0,5.0,3.0,3.0,5.0,4.0,1.0
3.0,5.0,4.0,1.0,2.0,3.0,1.0,3.0,3.0,5.0,2.0
4.0,5.0,4.0,5.0,3.0,4.0,3.0,5.0,4.0,4.0,3.0
3.0,5.0,1.0,3.0,3.0,3.0,1.0,5.0,3.0,4.0,2.0
4.0,4.0,0.0,2.0,0.0,4.0,4.0,3.0,3.0,4.0,3.0
2.0,5.0,0.0,4.0,2.0,2.0,1.0,5.0,5.0,4.0,4.0
1.0,5.0,2.0,0.0,2.0,3.0,1.0,4.0,5.0,5.0,4.0
2.0,4.0,1.0,5.0,3.0,2.0,0.0,5.0,5.0,5.0,2.0
5.0,4.0,3.0,4.0,1.0,4.0,0.0,3.0,4.0,3.0,2.0
1.0,4.0,3.0,5.0,2.0,4.0,2.0,3.0,4.0,4.0,1.0
5.0,3.0,3.0,4.0,1.0,3.0,2.0,4.0,4.0,5.0,2.0
3.0,5.0,1.0,5.0,1.0,5.0,2.0,4.0,4.0,4.0,5.0
1.0,4.0,4.0,3.0,3.0,2.0,3.0,5.0,5.0,3.0,1.0
2.0,2.0,1.0,2.0,5.0,2.0,2.0,3.0,4.0,5.0,3.0
4.0,5.0,0.0,2.0,5.0,4.0,2.0,5.0,3.0,3.0,4.0
5.0,3.0,1.0,2.0,3.0,5.0,4.0,3.0,1.0,4.0,5.0
1.0,4.0,4.0,4.0,0.0,5.0,1.0,3.0,4.0,5.0,0.0
1.0,5.0,4.0,3.0,3.0,2.0,0.0,2.0,2.0,3.0,2.0
5.0,0.0,3.0,3.0,5.0,1.0,3.0,2.0,4.0,3.0,2.0
2.0,3.0,2.0,1.0,1.0,4.0,0.0,4.0,4.0,5.0,1.0
4.0,2.0,0.0,5.0,3.0,4.0,3.0,2.0,2.0,4.0,1.0
2.0,5.0,1.0,3.0,2.0,4.0,0.0,1.0,3.0,4.0,3.0
3.0,2.0,0.0,4.0,3.0,2.0,0.0,4.0,5.0,3.0,2.0
4.0,1.0,3.0,2.0,5.0,3.0,3.0,1.0,5.0,5.0,4.0
3.0,5.0,5.0,5.0,3.0,5.0,0.0,4.0,3.0,3.0,0.0
3.0,4.0,0.0,4.0,5.0,4.0,0.0,5.0,3.0,3.0,1.0
3.0,4.0,1.0,4.0,0.0,5.0,3.0,5.0,0.0,4.0,1.0
4.0,4.0,0.0,4.0,1.0,3.0,4.0,4.0,5.0,3.0,2.0
3.0,5.0,2.0,1.0,2.0,4.0,1.0,3.0,5.0,4.0,1.0
4.0,2.0,0.0,2.0,2.0,2.0,3.0,4.0,5.0,5.0,3.0
0.0,5.0,5.0,3.0,4.0,2.0,0.0,4.0,4.0,5.0,2.0
3.0,4.0,3.0,4.0,3.0,1.0,3.0,5.0,5.0,5.0,4.0
4.0,5.0,4.0,0.0,1.0,3.0,5.0,4.0,4.0,3.0,5.0
3.0,1.0,0.0,4.0,5.0,3.0,5.0,4.0,5.0,3.0,4.0
6.0,5.0,3.0,4.0,3.0,2.0,3.0,4.0,3.0,3.0,1.0
4.0,4.0,5.0,3.0,2.0,3.0,0.0,3.0,2.0,3.0,4.0
2.0,4.0,0.0,2.0,1.0,3.0,0.0,3.0,4.0,5.0,2.0
2.0,5.0,1.0,5.0,5.0,2.0,4.0,3.0,4.0,4.0,0.0
1.0,4.0,0.0,3.0,1.0,1.0,2.0,4.0,5.0,4.0,1.0
2.0,5.0,1.0,0.0,4.0,1.0,4.0,2.0,5.0,4.0,0.0
1.0,4.0,2.0,1.0,2.0,2.0,0.0,3.0,4.0,4.0,1.0
1.0,3.0,1.0,2.0,2.0,2.0,4.0,2.0,4.0,5.0,0.0
2.0,3.0,1.0,1.0,1.0,2.0,0.0,3.0,4.0,3.0,4.0
2.0,3.0,0.0,4.0,1.0,1.0,2.0,5.0,5.0,2.0,4.0
2.0,4.0,5.0,4.0,4.0,3.0,3.0,4.0,5.0,1.0,5.0
1.0,5.0,3.0,2.0,4.0,4.0,0.0,3.0,5.0,4.0,1.0
3.0,1.0,2.0,3.0,4.0,4.0,5.0,3.0,4.0,3.0,4.0
3.0,4.0,4.0,3.0,1.0,5.0,5.0,3.0,5.0,5.0,4.0
5.0,4.0,0.0,2.0,1.0,4.0,0.0,3.0,3.0,1.0,4.0
3.0,5.0,5.0,4.0,0.0,1.0,0.0,5.0,4.0,3.0,2.0
2.0,3.0,1.0,2.0,1.0,3.0,4.0,3.0,5.0,2.0,4.0
3.0,5.0,3.0,2.0,1.0,4.0,3.0,3.0,4.0,3.0,3.0
4.0,5.0,5.0,3.0,5.0,3.0,0.0,5.0,3.0,2.0,3.0
4.0,3.0,2.0,2.0,4.0,4.0,2.0,2.0,5.0,5.0,3.0
6.0,0.0,2.0,5.0,3.0,3.0,1.0,2.0,4.0,5.0,2.0
3.0,5.0,5.0,0.0,1.0,5.0,0.0,4.0,5.0,3.0,2.0
3.0,5.0,3.0,2.0,5.0,5.0,0.0,3.0,3.0,3.0,2.0
3.0,5.0,0.0,3.0,1.0,4.0,0.0,5.0,4.0,3.0,5.0
2.0,5.0,1.0,5.0,1.0,4.0,3.0,3.0,5.0,5.0,2.0
3.0,3.0,4.0,2.0,2.0,2.0,0.0,3.0,3.0,5.0,2.0
3.0,5.0,2.0,3.0,1.0,0.0,0.0,4.0,5.0,4.0,2.0
3.0,5.0,4.0,3.0,4.0,3.0,2.0,5.0,2.0,5.0,5.0
4.0,5.0,3.0,2.0,5.0,2.0,4.0,2.0,3.0,5.0,3.0
3.0,4.0,1.0,2.0,4.0,3.0,0.0,5.0,3.0,4.0,2.0
4.0,1.0,4.0,2.0,5.0,4.0,4.0,2.0,3.0,4.0,1.0
4.0,2.0,0.0,5.0,2.0,4.0,4.0,1.0,4.0,3.0,2.0
1.0,5.0,1.0,2.0,5.0,0.0,4.0,5.0,5.0,5.0,5.0
3.0,3.0,1.0,3.0,1.0,3.0,0.0,1.0,3.0,5.0,0.0
5.0,5.0,0.0,3.0,0.0,4.0,2.0,5.0,2.0,3.0,1.0
0.0,3.0,0.0,1.0,0.0,4.0,0.0,5.0,4.0,3.0,5.0
4.0,5.0,2.0,3.0,5.0,3.0,3.0,5.0,3.0,3.0,5.0
2.0,3.0,0.0,5.0,2.0,0.0,3.0,4.0,4.0,4.0,1.0
4.0,5.0,1.0,3.0,4.0,4.0,0.0,4.0,4.0,3.0,3.0
5.0,3.0,3.0,3.0,5.0,3.0,2.0,2.0,4.0,5.0,1.0
4.0,4.0,5.0,3.0,5.0,2.0,4.0,3.0,2.0,5.0,3.0
6.0,3.0,5.0,4.0,1.0,5.0,1.0,4.0,3.0,1.0,4.0
2.0,5.0,0.0,3.0,5.0,2.0,4.0,4.0,5.0,2.0,2.0
1.0,4.0,5.0,4.0,0.0,5.0,0.0,4.0,2.0,3.0,0.0
5.0,5.0,5.0,4.0,2.0,3.0,1.0,3.0,4.0,2.0,2.0
3.0,4.0,0.0,5.0,4.0,4.0,1.0,3.0,4.0,4.0,3.0
1.0,5.0,3.0,3.0,2.0,3.0,2.0,5.0,2.0,4.0,2.0
4.0,4.0,1.0,2.0,5.0,4.0,4.0,2.0,4.0,2.0,3.0
3.0,2.0,3.0,5.0,5.0,0.0,0.0,4.0,5.0,2.0,2.0
3.0,5.0,1.0,0.0,2.0,0.0,2.0,5.0,5.0,4.0,4.0
4.0,4.0,5.0,4.0,4.0,4.0,0.0,5.0,3.0,0.0,3.0
3.0,5.0,1.0,3.0,2.0,4.0,4.0,3.0,2.0,3.0,2.0
4.0,5.0,4.0,3.0,2.0,3.0,1.0,4.0,5.0,2.0,4.0
3.0,5.0,4.0,2.0,3.0,3.0,2.0,2.0,5.0,4.0,2.0
5.0,5.0,2.0,3.0,2.0,4.0,3.0,4.0,0.0,3.0,3.0
3.0,3.0,0.0,2.0,0.0,4.0,3.0,5.0,2.0,3.0,5.0
4.0,5.0,4.0,2.0,3.0,3.0,0.0,5.0,4.0,3.0,0.0
2.0,4.0,0.0,3.0,0.0,2.0,1.0,4.0,2.0,5.0,0.0
3.0,5.0,2.0,3.0,0.0,2.0,4.0,5.0,4.0,4.0,3.0
1.0,4.0,2.0,3.0,5.0,3.0,4.0,1.0,5.0,5.0,4.0
3.0,4.0,0.0,3.0,2.0,3.0,0.0,5.0,4.0,5.0,2.0
6.0,4.0,3.0,4.0,2.0,3.0,3.0,1.0,4.0,5.0,2.0
4.0,5.0,0.0,5.0,4.0,5.0,1.0,3.0,4.0,4.0,5.0
3.0,5.0,0.0,1.0,3.0,1.0,0.0,3.0,5.0,5.0,5.0
5.0,5.0,1.0,1.0,1.0,2.0,0.0,3.0,5.0,3.0,1.0
1.0,4.0,0.0,4.0,1.0,2.0,0.0,4.0,4.0,4.0,1.0
3.0,4.0,4.0,3.0,5.0,2.0,3.0,2.0,5.0,3.0,2.0
4.0,2.0,0.0,5.0,4.0,2.0,0.0,2.0,4.0,3.0,1.0
1.0,5.0,0.0,3.0,5.0,1.0,2.0,5.0,5.0,4.0,2.0
2.0,2.0,4.0,4.0,3.0,4.0,3.0,1.0,2.0,4.0,3.0
3.0,5.0,0.0,0.0,1.0,3.0,2.0,3.0,4.0,4.0,1.0
5.0,5.0,5.0,3.0,1.0,3.0,0.0,4.0,2.0,4.0,1.0
4.0,5.0,3.0,4.0,1.0,5.0,3.0,5.0,3.0,5.0,1.0
4.0,5.0,0.0,3.0,5.0,5.0,0.0,3.0,2.0,5.0,3.0
4.0,4.0,0.0,5.0,3.0,2.0,3.0,2.0,2.0,4.0,2.0
3.0,4.0,5.0,2.0,1.0,5.0,0.0,4.0,3.0,2.0,2.0
3.0,4.0,0.0,2.0,2.0,1.0,0.0,5.0,5.0,3.0,5.0
3.0,3.0,1.0,3.0,0.0,5.0,2.0,4.0,2.0,2.0,2.0
1.0,5.0,5.0,2.0,5.0,4.0,5.0,3.0,3.0,4.0,2.0
1.0,5.0,0.0,5.0,0.0,5.0,4.0,5.0,1.0,0.0,1.0
4.0,4.0,5.0,3.0,4.0,3.0,0.0,3.0,5.0,3.0,2.0
3.0,3.0,0.0,3.0,1.0,2.0,3.0,5.0,5.0,2.0,3.0
5.0,4.0,4.0,3.0,2.0,3.0,1.0,4.0,4.0,3.0,4.0
4.0,5.0,2.0,3.0,2.0,4.0,0.0,4.0,2.0,4.0,0.0
3.0,4.0,0.0,4.0,1.0,1.0,3.0,3.0,3.0,3.0,1.0
4.0,4.0,4.0,5.0,2.0,2.0,3.0,2.0,1.0,5.0,3.0
6.0,3.0,1.0,5.0,0.0,4.0,4.0,3.0,5.0,3.0,2.0
2.0,3.0,5.0,4.0,3.0,1.0,1.0,4.0,4.0,5.0,3.0
2.0,0.0,0.0,5.0,0.0,0.0,4.0,2.0,5.0,5.0,0.0
1.0,4.0,5.0,2.0,1.0,2.0,2.0,3.0,4.0,3.0,3.0
6.0,4.0,4.0,4.0,1.0,4.0,1.0,3.0,4.0,3.0,2.0
3.0,4.0,0.0,2.0,3.0,3.0,3.0,5.0,4.0,5.0,2.0
1.0,4.0,4.0,5.0,4.0,5.0,0.0,3.0,3.0,5.0,3.0
4.0,5.0,3.0,4.0,1.0,1.0,0.0,4.0,3.0,4.0,0.0
5.0,4.0,5.0,5.0,3.0,2.0,2.0,2.0,3.0,3.0,3.0
5.0,5.0,4.0,5.0,5.0,5.0,1.0,5.0,2.0,3.0,3.0
4.0,5.0,0.0,4.0,4.0,4.0,0.0,3.0,3.0,3.0,2.0
4.0,5.0,3.0,5.0,2.0,5.0,1.0,3.0,2.0,4.0,2.0
2.0,4.0,1.0,2.0,5.0,4.0,4.0,3.0,2.0,3.0,4.0
1.0,4.0,0.0,5.0,1.0,2.0,0.0,5.0,3.0,3.0,2.0
3.0,1.0,1.0,3.0,2.0,4.0,0.0,4.0,4.0,4.0,5.0
4.0,5.0,4.0,1.0,1.0,2.0,3.0,4.0,4.0,2.0,5.0
2.0,5.0,1.0,3.0,4.0,1.0,3.0,4.0,4.0,4.0,2.0
3.0,5.0,5.0,4.0,2.0,3.0,1.0,2.0,3.0,3.0,1.0
1.0,3.0,0.0,2.0,2.0,5.0,4.0,3.0,4.0,3.0,3.0
2.0,5.0,4.0,3.0,1.0,4.0,0.0,4.0,3.0,3.0,1.0
4.0,5.0,4.0,3.0,2.0,5.0,3.0,2.0,2.0,4.0,5.0
3.0,4.0,0.0,4.0,5.0,3.0,0.0,3.0,5.0,5.0,0.0
1.0,5.0,1.0,1.0,4.0,1.0,4.0,3.0,2.0,5.0,3.0
1.0,3.0,0.0,1.0,1.0,5.0,2.0,4.0,5.0,4.0,4.0
4.0,4.0,0.0,4.0,1.0,1.0,3.0,4.0,4.0,5.0,2.0
3.0,3.0,4.0,3.0,0.0,4.0,0.0,4.0,3.0,3.0,1.0
4.0,2.0,5.0,4.0,5.0,3.0,1.0,0.0,1.0,5.0,2.0
2.0,4.0,4.0,2.0,5.0,4.0,1.0,5.0,4.0,3.0,3.0
3.0,3.0,5.0,3.0,5.0,1.0,3.0,5.0,4.0,4.0,4.0
3.0,5.0,4.0,2.0,4.0,4.0,0.0,2.0,5.0,3.0,0.0
2.0,1.0,0.0,4.0,3.0,3.0,3.0,2.0,5.0,5.0,4.0
2.0,5.0,2.0,1.0,3.0,4.0,1.0,4.0,5.0,5.0,4.0
1.0,4.0,2.0,2.0,1.0,2.0,0.0,3.0,5.0,4.0,0.0
1.0,5.0,0.0,1.0,1.0,4.0,0.0,5.0,5.0,3.0,3.0
2.0,5.0,5.0,1.0,2.0,5.0,0.0,5.0,2.0,2.0,3.0
3.0,4.0,2.0,4.0,3.0,5.0,4.0,4.0,3.0,4.0,3.0
5.0,5.0,0.0,5.0,0.0,4.0,0.0,3.0,1.0,3.0,1.0
2.0,3.0,5.0,2.0,5.0,1.0,2.0,4.0,4.0,5.0,0.0
3.0,2.0,1.0,4.0,4.0,3.0,4.0,3.0,4.0,2.0,3.0
2.0,5.0,4.0,5.0,0.0,4.0,2.0,3.0,4.0,2.0,1.0
4.0,5.0,1.0,3.0,2.0,3.0,0.0,4.0,5.0,4.0,0.0
4.0,2.0,3.0,4.0,1.0,4.0,0.0,5.0,5.0,2.0,1.0
2.0,4.0,1.0,4.0,2.0,2.0,0.0,3.0,4.0,4.0,3.0
4.0,2.0,0.0,4.0,1.0,0.0,4.0,3.0,5.0,3.0,4.0
1.0,5.0,1.0,2.0,2.0,4.0,4.0,4.0,1.0,5.0,1.0
1.0,5.0,5.0,1.0,4.0,3.0,0.0,3.0,5.0,4.0,1.0
6.0,5.0,1.0,5.0,5.0,2.0,2.0,4.0,1.0,4.0,5.0
1.0,4.0,0.0,3.0,5.0,3.0,0.0,3.0,4.0,5.0,3.0
5.0,4.0,0.0,3.0,2.0,5.0,3.0,4.0,4.0,4.0,3.0
3.0,5.0,2.0,3.0,2.0,3.0,0.0,4.0,2.0,3.0,3.0
4.0,2.0,0.0,3.0,2.0,0.0,0.0,4.0,4.0,5.0,2.0
2.0,5.0,4.0,3.0,2.0,4.0,3.0,2.0,3.0,4.0,5.0
1.0,4.0,0.0,3.0,2.0,2.0,5.0,3.0,5.0,4.0,2.0
4.0,3.0,1.0,3.0,1.0,2.0,1.0,5.0,5.0,2.0,1.0
2.0,5.0,1.0,1.0,1.0,4.0,0.0,5.0,2.0,4.0,1.0
4.0,4.0,1.0,4.0,5.0,4.0,5.0,4.0,3.0,2.0,4.0
3.0,5.0,3.0,5.0,2.0,1.0,2.0,3.0,1.0,4.0,1.0
2.0,5.0,5.0,4.0,4.0,5.0,2.0,5.0,4.0,4.0,4.0
2.0,3.0,1.0,3.0,0.0,3.0,4.0,3.0,4.0,4.0,3.0
2.0,3.0,5.0,1.0,1.0,4.0,1.0,4.0,4.0,5.0,1.0
3.0,3.0,0.0,0.0,5.0,4.0,3.0,3.0,4.0,3.0,2.0
2.0,5.0,0.0,3.0,4.0,3.0,3.0,5.0,4.0,1.0,5.0
3.0,3.0,1.0,2.0,0.0,3.0,0.0,3.0,4.0,4.0,1.0
3.0,3.0,4.0,0.0,5.0,3.0,4.0,4.0,4.0,5.0,2.0
2.0,5.0,3.0,5.0,3.0,4.0,3.0,4.0,5.0,2.0,0.0
1.0,3.0,1.0,2.0,0.0,3.0,1.0,2.0,4.0,5.0,0.0
4.0,2.0,1.0,2.0,5.0,3.0,3.0,5.0,5.0,4.0,3.0
2.0,3.0,1.0,0.0,3.0,3.0,3.0,5.0,4.0,5.0,4.0
3.0,5.0,4.0,3.0,1.0,5.0,0.0,4.0,3.0,3.0,5.0
4.0,4.0,3.0,2.0,5.0,3.0,0.0,1.0,5.0,5.0,5.0
5.0,4.0,0.0,3.0,0.0,4.0,2.0,4.0,4.0,4.0,3.0
2.0,2.0,3.0,0.0,2.0,1.0,3.0,3.0,5.0,4.0,1.0
0.0,3.0,1.0,0.0,2.0,5.0,4.0,5.0,4.0,4.0,0.0
4.0,4.0,0.0,1.0,5.0,2.0,1.0,4.0,4.0,4.0,5.0
4.0,3.0,0.0,1.0,2.0,4.0,3.0,3.0,5.0,4.0,2.0
3.0,2.0,0.0,3.0,2.0,2.0,0.0,4.0,5.0,4.0,5.0
3.0,5.0,0.0,3.0,1.0,3.0,1.0,5.0,5.0,3.0,3.0
1.0,3.0,1.0,3.0,3.0,2.0,3.0,0.0,4.0,5.0,0.0
4.0,4.0,3.0,3.0,4.0,4.0,1.0,5.0,2.0,3.0,4.0
6.0,4.0,5.0,5.0,2.0,4.0,4.0,4.0,3.0,3.0,3.0
1.0,3.0,1.0,1.0,0.0,2.0,3.0,1.0,5.0,4.0,2.0
5.0,5.0,0.0,1.0,4.0,3.0,4.0,3.0,2.0,5.0,3.0
1.0,3.0,0.0,0.0,1.0,1.0,3.0,4.0,4.0,5.0,0.0
1.0,2.0,2.0,4.0,2.0,2.0,4.0,4.0,5.0,5.0,0.0
2.0,1.0,0.0,3.0,5.0,3.0,3.0,3.0,2.0,4.0,0.0
2.0,5.0,5.0,3.0,3.0,5.0,0.0,5.0,3.0,5.0,2.0
4.0,5.0,4.0,5.0,3.0,5.0,2.0,1.0,3.0,4.0,2.0
3.0,2.0,2.0,5.0,3.0,0.0,3.0,2.0,4.0,5.0,4.0
2.0,3.0,1.0,3.0,5.0,3.0,5.0,4.0,5.0,5.0,1.0
2.0,5.0,0.0,4.0,1.0,4.0,0.0,2.0,4.0,3.0,0.0
3.0,5.0,4.0,4.0,2.0,2.0,1.0,3.0,4.0,3.0,4.0
5.0,5.0,5.0,5.0,2.0,5.0,0.0,3.0,0.0,3.0,3.0
2.0,5.0,5.0,4.0,4.0,4.0,4.0,3.0,3.0,4.0,5.0
1.0,4.0,0.0,2.0,1.0,2.0,1.0,4.0,4.0,4.0,0.0
3.0,5.0,5.0,2.0,5.0,2.0,1.0,3.0,5.0,4.0,2.0
4.0,5.0,1.0,1.0,1.0,3.0,1.0,5.0,4.0,5.0,1.0
3.0,5.0,2.0,3.0,3.0,5.0,0.0,4.0,2.0,3.0,3.0
4.0,1.0,0.0,1.0,1.0,4.0,4.0,3.0,5.0,4.0,3.0
0.0,2.0,2.0,0.0,3.0,4.0,1.0,4.0,3.0,5.0,2.0
2.0,4.0,2.0,4.0,3.0,0.0,3.0,5.0,5.0,4.0,1.0
3.0,4.0,1.0,0.0,5.0,2.0,1.0,3.0,4.0,5.0,4.0
1.0,4.0,1.0,5.0,0.0,4.0,2.0,4.0,3.0,3.0,0.0
4.0,5.0,2.0,2.0,5.0,3.0,0.0,3.0,4.0,2.0,1.0
2.0,4.0,0.0,3.0,4.0,4.0,5.0,4.0,2.0,3.0,2.0
1.0,3.0,3.0,4.0,5.0,5.0,3.0,4.0,5.0,0.0,2.0
2.0,5.0,1.0,3.0,4.0,5.0,3.0,2.0,3.0,5.0,2.0
3.0,5.0,2.0,0.0,2.0,5.0,2.0,4.0,2.0,3.0,3.0
5.0,2.0,1.0,5.0,3.0,5.0,3.0,1.0,2.0,3.0,1.0
3.0,2.0,1.0,5.0,4.0,3.0,3.0,1.0,3.0,2.0,1.0
2.0,4.0,3.0,5.0,5.0,5.0,3.0,3.0,3.0,5.0,2.0
1.0,5.0,5.0,4.0,5.0,1.0,3.0,2.0,5.0,3.0,0.0
0.0,5.0,4.0,1.0,3.0,5.0,0.0,5.0,3.0,3.0,0.0
5.0,3.0,0.0,5.0,3.0,3.0,0.0,4.0,3.0,4.0,4.0
3.0,3.0,4.0,2.0,5.0,0.0,0.0,5.0,5.0,4.0,5.0
3.0,5.0,2.0,1.0,3.0,4.0,0.0,5.0,4.0,1.0,4.0
3.0,5.0,2.0,4.0,1.0,3.0,2.0,4.0,5.0,5.0,3.0
0.0,2.0,4.0,2.0,2.0,4.0,4.0,3.0,3.0,5.0,4.0
4.0,5.0,2.0,4.0,5.0,4.0,1.0,5.0,4.0,3.0,5.0
6.0,5.0,5.0,1.0,5.0,3.0,0.0,2.0,2.0,4.0,3.0
2.0,3.0,2.0,3.0,1.0,1.0,1.0,4.0,3.0,5.0,2.0
2.0,2.0,2.0,5.0,0.0,3.0,3.0,1.0,4.0,2.0,0.0
3.0,5.0,0.0,4.0,4.0,5.0,0.0,3.0,4.0,1.0,2.0
2.0,3.0,2.0,2.0,1.0,2.0,0.0,3.0,5.0,3.0,4.0
5.0,2.0,5.0,5.0,5.0,3.0,1.0,2.0,3.0,0.0,2.0
3.0,3.0,5.0,4.0,2.0,4.0,3.0,3.0,2.0,4.0,1.0
1.0,4.0,4.0,0.0,2.0,4.0,2.0,2.0,3.0,5.0,1.0
4.0,4.0,1.0,5.0,3.0,5.0,0.0,4.0,3.0,4.0,3.0
1.0,4.0,0.0,4.0,0.0,4.0,4.0,5.0,4.0,4.0,3.0
2.0,5.0,3.0,3.0,1.0,5.0,0.0,5.0,4.0,4.0,3.0
4.0,5.0,4.0,0.0,5.0,5.0,2.0,5.0,3.0,3.0,2.0
2.0,3.0,0.0,5.0,2.0,4.0,0.0,2.0,2.0,4.0,0.0
2.0,4.0,0.0,3.0,4.0,3.0,4.0,2.0,4.0,4.0,2.0
1.0,3.0,1.0,3.0,3.0,3.0,0.0,3.0,4.0,5.0,3.0
5.0,1.0,2.0,3.0,4.0,4.0,4.0,2.0,4.0,5.0,3.0
5.0,4.0,5.0,3.0,2.0,5.0,1.0,4.0,1.0,4.0,4.0
1.0,3.0,4.0,3.0,2.0,3.0,3.0,2.0,5.0,5.0,1.0
3.0,5.0,2.0,5.0,5.0,4.0,0.0,5.0,4.0,3.0,2.0
2.0,5.0,1.0,2.0,4.0,3.0,2.0,4.0,5.0,5.0,2.0
2.0,3.0,5.0,4.0,3.0,3.0,3.0,3.0,3.0,2.0,3.0
3.0,4.0,4.0,3.0,1.0,4.0,0.0,3.0,5.0,2.0,1.0
3.0,3.0,2.0,2.0,0.0,4.0,4.0,3.0,5.0,3.0,4.0
1.0,5.0,1.0,4.0,4.0,2.0,3.0,4.0,5.0,3.0,3.0
3.0,3.0,0.0,3.0,1.0,1.0,2.0,2.0,3.0,4.0,5.0
2.0,3.0,5.0,4.0,5.0,3.0,1.0,4.0,5.0,2.0,1.0
2.0,3.0,2.0,0.0,5.0,3.0,3.0,5.0,5.0,3.0,5.0
1.0,4.0,1.0,4.0,2.0,2.0,0.0,3.0,5.0,4.0,4.0
4.0,3.0,4.0,5.0,2.0,3.0,4.0,5.0,2.0,5.0,5.0
4.0,4.0,1.0,4.0,4.0,3.0,4.0,4.0,3.0,4.0,3.0
6.0,2.0,5.0,4.0,1.0,2.0,0.0,4.0,2.0,4.0,4.0
0.0,5.0,3.0,2.0,5.0,2.0,3.0,5.0,5.0,3.0,1.0
5.0,3.0,0.0,5.0,1.0,2.0,3.0,3.0,2.0,5.0,2.0
2.0,4.0,1.0,4.0,4.0,4.0,4.0,2.0,1.0,4.0,4.0
1.0,5.0,0.0,2.0,1.0,3.0,0.0,4.0,2.0,3.0,0.0
3.0,5.0,2.0,3.0,2.0,3.0,3.0,3.0,2.0,5.0,4.0
2.0,5.0,1.0,2.0,2.0,4.0,2.0,4.0,3.0,1.0,3.0
4.0,4.0,4.0,3.0,5.0,5.0,4.0,4.0,4.0,5.0,0.0
2.0,5.0,0.0,3.0,2.0,3.0,2.0,4.0,2.0,4.0,2.0
3.0,5.0,0.0,2.0,3.0,2.0,0.0,2.0,5.0,4.0,0.0
2.0,5.0,1.0,1.0,5.0,3.0,1.0,5.0,5.0,4.0,2.0
3.0,5.0,3.0,2.0,0.0,4.0,4.0,2.0,4.0,3.0,2.0
1.0,4.0,5.0,5.0,3.0,5.0,0.0,3.0,3.0,3.0,2.0
3.0,4.0,1.0,2.0,1.0,3.0,0.0,3.0,5.0,3.0,2.0
2.0,5.0,4.0,3.0,1.0,5.0,0.0,5.0,3.0,4.0,1.0
3.0,5.0,0.0,5.0,5.0,3.0,5.0,5.0,3.0,3.0,3.0
2.0,3.0,1.0,0.0,4.0,5.0,0.0,3.0,4.0,2.0,4.0
5.0,3.0,1.0,2.0,1.0,3.0,3.0,3.0,2.0,2.0,1.0
6.0,3.0,1.0,2.0,5.0,5.0,0.0,3.0,4.0,3.0,1.0
2.0,4.0,4.0,3.0,5.0,4.0,1.0,3.0,4.0,4.0,2.0
3.0,3.0,2.0,4.0,2.0,4.0,4.0,5.0,2.0,2.0,5.0
2.0,4.0,4.0,2.0,4.0,3.0,1.0,3.0,4.0,5.0,2.0
3.0,5.0,2.0,5.0,1.0,5.0,1.0,3.0,3.0,2.0,2.0
3.0,1.0,1.0,4.0,2.0,4.0,2.0,3.0,4.0,3.0,4.0
1.0,4.0,1.0,1.0,4.0,4.0,0.0,4.0,5.0,2.0,1.0
4.0,3.0,1.0,2.0,5.0,3.0,4.0,4.0,3.0,5.0,4.0
1.0,5.0,1.0,5.0,3.0,4.0,0.0,5.0,1.0,3.0,4.0
4.0,5.0,5.0,1.0,5.0,2.0,3.0,4.0,3.0,3.0,5.0
0.0,5.0,3.0,4.0,1.0,3.0,3.0,5.0,5.0,4.0,0.0
1.0,3.0,0.0,4.0,4.0,3.0,3.0,2.0,5.0,1.0,0.0
5.0,1.0,1.0,1.0,1.0,2.0,3.0,2.0,3.0,5.0,2.0
3.0,5.0,0.0,4.0,5.0,2.0,1.0,4.0,5.0,3.0,2.0
4.0,5.0,4.0,3.0,5.0,3.0,0.0,5.0,5.0,3.0,5.0
2.0,4.0,1.0,0.0,2.0,4.0,0.0,3.0,5.0,5.0,1.0
3.0,5.0,1.0,1.0,4.0,5.0,4.0,2.0,3.0,4.0,0.0
5.0,5.0,1.0,3.0,0.0,2.0,4.0,4.0,2.0,5.0,0.0
2.0,3.0,5.0,4.0,2.0,5.0,4.0,3.0,2.0,4.0,4.0
1.0,4.0,2.0,3.0,2.0,4.0,1.0,5.0,3.0,3.0,3.0
2.0,4.0,1.0,5.0,2.0,5.0,0.0,2.0,2.0,5.0,3.0
4.0,2.0,1.0,3.0,3.0,3.0,4.0,3.0,4.0,5.0,3.0
1.0,5.0,1.0,5.0,4.0,3.0,1.0,3.0,4.0,3.0,2.0
3.0,4.0,0.0,2.0,2.0,5.0,3.0,5.0,1.0,5.0,1.0
4.0,5.0,5.0,1.0,5.0,2.0,3.0,4.0,3.0,4.0,3.0
3.0,1.0,1.0,2.0,0.0,5.0,4.0,1.0,5.0,5.0,1.0
6.0,4.0,2.0,5.0,1.0,3.0,2.0,2.0,4.0,1.0,5.0
2.0,5.0,2.0,2.0,5.0,2.0,4.0,5.0,3.0,3.0,4.0
1.0,5.0,4.0,1.0,5.0,3.0,3.0,2.0,5.0,3.0,3.0
2.0,5.0,3.0,4.0,2.0,2.0,2.0,3.0,5.0,3.0,5.0
5.0,5.0,0.0,4.0,2.0,3.0,1.0,4.0,2.0,4.0,4.0
6.0,4.0,0.0,1.0,5.0,2.0,0.0,4.0,4.0,4.0,3.0
4.0,4.0,3.0,3.0,2.0,4.0,4.0,2.0,3.0,3.0,4.0
1.0,5.0,1.0,1.0,5.0,2.0,3.0,5.0,5.0,5.0,4.0
4.0,2.0,5.0,4.0,0.0,2.0,1.0,3.0,3.0,4.0,2.0
4.0,2.0,1.0,4.0,5.0,2.0,3.0,2.0,4.0,4.0,2.0
4.0,5.0,1.0,2.0,2.0,2.0,3.0,4.0,3.0,4.0,3.0
4.0,5.0,1.0,2.0,3.0,2.0,2.0,3.0,4.0,4.0,3.0
4.0,4.0,1.0,3.0,3.0,3.0,0.0,1.0,5.0,3.0,2.0
4.0,5.0,1.0,3.0,4.0,1.0,3.0,5.0,5.0,4.0,1.0
4.0,5.0,2.0,4.0,1.0,2.0,4.0,3.0,5.0,5.0,2.0
4.0,5.0,2.0,2.0,5.0,4.0,0.0,4.0,4.0,5.0,2.0
4.0,4.0,0.0,4.0,2.0,4.0,1.0,3.0,1.0,3.0,2.0
1.0,4.0,4.0,3.0,0.0,4.0,0.0,1.0,3.0,5.0,1.0
4.0,5.0,1.0,1.0,2.0,1.0,1.0,4.0,5.0,2.0,4.0
1.0,4.0,3.0,4.0,2.0,1.0,0.0,4.0,4.0,4.0,4.0
1.0,4.0,4.0,3.0,5.0,1.0,2.0,3.0,4.0,4.0,2.0
4.0,2.0,5.0,2.0,1.0,4.0,4.0,2.0,3.0,4.0,4.0
4.0,4.0,1.0,3.0,5.0,3.0,2.0,5.0,5.0,1.0,4.0
4.0,2.0,1.0,3.0,5.0,3.0,1.0,4.0,5.0,5.0,5.0
1.0,3.0,1.0,1.0,5.0,3.0,2.0,2.0,4.0,3.0,2.0
3.0,5.0,4.0,1.0,4.0,4.0,4.0,3.0,2.0,4.0,3.0
2.0,4.0,3.0,2.0,1.0,4.0,1.0,2.0,4.0,3.0,0.0
4.0,5.0,1.0,1.0,5.0,0.0,5.0,5.0,5.0,5.0,5.0
3.0,3.0,0.0,2.0,3.0,5.0,0.0,3.0,3.0,2.0,4.0
1.0,5.0,2.0,2.0,0.0,3.0,1.0,5.0,4.0,4.0,1.0
4.0,2.0,0.0,5.0,1.0,1.0,0.0,1.0,5.0,3.0,1.0
3.0,1.0,4.0,4.0,2.0,2.0,0.0,4.0,5.0,3.0,4.0
5.0,5.0,5.0,1.0,5.0,5.0,0.0,4.0,4.0,3.0,0.0
3.0,1.0,0.0,1.0,2.0,2.0,4.0,4.0,4.0,5.0,2.0
4.0,5.0,5.0,3.0,1.0,4.0,1.0,1.0,1.0,4.0,1.0
2.0,5.0,5.0,0.0,2.0,4.0,1.0,4.0,5.0,4.0,0.0
4.0,4.0,3.0,3.0,1.0,2.0,1.0,5.0,5.0,5.0,1.0
1.0,4.0,2.0,4.0,0.0,4.0,0.0,5.0,3.0,3.0,1.0
2.0,4.0,0.0,3.0,0.0,2.0,2.0,5.0,3.0,4.0,2.0
0.0,5.0,3.0,3.0,3.0,5.0,2.0,4.0,3.0,5.0,0.0
4.0,3.0,4.0,3.0,4.0,1.0,0.0,3.0,4.0,3.0,1.0
3.0,4.0,0.0,3.0,0.0,3.0,3.0,5.0,5.0,3.0,2.0
5.0,5.0,3.0,5.0,2.0,1.0,1.0,5.0,5.0,5.0,5.0
4.0,5.0,0.0,4.0,3.0,2.0,4.0,4.0,5.0,3.0,2.0
1.0,3.0,2.0,3.0,3.0,3.0,1.0,3.0,3.0,3.0,3.0
3.0,4.0,4.0,3.0,3.0,3.0,3.0,4.0,5.0,3.0,5.0
2.0,5.0,4.0,1.0,2.0,1.0,3.0,5.0,5.0,5.0,0.0
3.0,3.0,5.0,4.0,3.0,4.0,0.0,1.0,1.0,3.0,0.0
4.0,4.0,1.0,4.0,5.0,2.0,4.0,4.0,2.0,4.0,3.0
3.0,4.0,5.0,2.0,4.0,2.0,3.0,2.0,5.0,4.0,4.0
4.0,4.0,1.0,2.0,3.0,3.0,4.0,4.0,3.0,5.0,2.0
4.0,4.0,1.0,3.0,1.0,2.0,4.0,3.0,3.0,4.0,4.0
4.0,2.0,0.0,4.0,4.0,0.0,3.0,1.0,5.0,5.0,3.0
2.0,4.0,4.0,4.0,3.0,3.0,1.0,5.0,3.0,5.0,2.0
2.0,2.0,0.0,2.0,2.0,3.0,3.0,5.0,5.0,5.0,2.0
3.0,3.0,0.0,5.0,1.0,3.0,2.0,4.0,3.0,3.0,2.0
6.0,4.0,3.0,1.0,5.0,4.0,2.0,4.0,4.0,5.0,5.0
4.0,5.0,2.0,2.0,5.0,4.0,1.0,4.0,4.0,4.0,2.0
0.0,4.0,0.0,2.0,2.0,2.0,2.0,3.0,5.0,4.0,0.0
4.0,2.0,3.0,2.0,1.0,5.0,0.0,3.0,1.0,4.0,0.0
2.0,5.0,5.0,5.0,2.0,5.0,0.0,2.0,4.0,3.0,3.0
0.0,5.0,4.0,3.0,5.0,3.0,2.0,2.0,5.0,4.0,2.0
2.0,5.0,5.0,3.0,4.0,5.0,1.0,1.0,4.0,5.0,3.0
1.0,5.0,1.0,4.0,5.0,4.0,3.0,4.0,5.0,4.0,4.0
3.0,2.0,1.0,5.0,5.0,1.0,4.0,3.0,3.0,4.0,3.0
2.0,5.0,3.0,0.0,2.0,2.0,1.0,5.0,5.0,5.0,2.0
1.0,2.0,0.0,2.0,5.0,3.0,3.0,5.0,5.0,4.0,5.0
1.0,4.0,0.0,3.0,4.0,4.0,2.0,5.0,2.0,4.0,2.0
2.0,4.0,1.0,4.0,2.0,2.0,1.0,4.0,5.0,4.0,3.0
4.0,5.0,0.0,2.0,4.0,4.0,3.0,4.0,2.0,3.0,1.0
3.0,3.0,4.0,1.0,2.0,3.0,3.0,4.0,3.0,2.0,5.0
4.0,4.0,2.0,3.0,2.0,1.0,0.0,5.0,5.0,2.0,5.0
3.0,4.0,0.0,0.0,2.0,2.0,3.0,4.0,5.0,5.0,1.0
1.0,5.0,1.0,1.0,1.0,4.0,1.0,4.0,4.0,2.0,0.0
4.0,2.0,4.0,4.0,1.0,5.0,1.0,1.0,3.0,1.0,4.0
2.0,3.0,0.0,2.0,2.0,4.0,0.0,3.0,3.0,4.0,1.0
1.0,1.0,3.0,5.0,1.0,3.0,4.0,2.0,3.0,5.0,3.0
4.0,3.0,5.0,2.0,5.0,4.0,0.0,2.0,2.0,4.0,2.0
3.0,2.0,2.0,3.0,1.0,5.0,1.0,1.0,5.0,4.0,3.0
6.0,4.0,2.0,4.0,3.0,2.0,4.0,5.0,4.0,2.0,3.0
3.0,5.0,5.0,3.0,3.0,2.0,3.0,5.0,3.0,3.0,2.0
1.0,1.0,0.0,4.0,1.0,5.0,3.0,3.0,5.0,2.0,0.0
1.0,4.0,3.0,1.0,4.0,5.0,3.0,4.0,3.0,5.0,0.0
3.0,5.0,5.0,4.0,4.0,5.0,3.0,4.0,2.0,4.0,5.0
1.0,3.0,1.0,3.0,3.0,4.0,0.0,2.0,2.0,4.0,2.0
3.0,4.0,0.0,1.0,4.0,4.0,3.0,3.0,5.0,5.0,5.0
3.0,4.0,1.0,3.0,1.0,4.0,3.0,3.0,2.0,4.0,4.0
4.0,4.0,2.0,3.0,4.0,4.0,3.0,4.0,4.0,4.0,3.0
2.0,3.0,1.0,1.0,1.0,0.0,0.0,4.0,5.0,5.0,1.0
6.0,3.0,0.0,2.0,2.0,3.0,0.0,4.0,5.0,2.0,1.0
3.0,1.0,1.0,3.0,4.0,5.0,0.0,3.0,1.0,2.0,4.0
1.0,4.0,1.0,3.0,1.0,2.0,0.0,3.0,4.0,3.0,3.0
3.0,4.0,1.0,2.0,0.0,3.0,1.0,5.0,3.0,4.0,2.0
4.0,3.0,1.0,2.0,5.0,4.0,1.0,4.0,5.0,2.0,3.0
4.0,5.0,4.0,2.0,4.0,3.0,3.0,1.0,1.0,4.0,1.0
3.0,4.0,5.0,0.0,3.0,2.0,1.0,4.0,5.0,3.0,1.0
4.0,3.0,1.0,2.0,4.0,3.0,0.0,4.0,5.0,3.0,4.0
4.0,5.0,3.0,2.0,2.0,2.0,0.0,4.0,4.0,4.0,3.0
5.0,0.0,0.0,4.0,5.0,3.0,3.0,3.0,4.0,3.0,4.0
2.0,5.0,1.0,2.0,0.0,1.0,3.0,4.0,4.0,4.0,3.0
2.0,5.0,1.0,4.0,1.0,4.0,0.0,4.0,4.0,3.0,2.0
2.0,3.0,0.0,2.0,2.0,3.0,1.0,3.0,5.0,2.0,4.0
4.0,4.0,3.0,5.0,3.0,3.0,2.0,3.0,3.0,2.0,1.0
4.0,4.0,5.0,3.0,1.0,0.0,5.0,4.0,3.0,5.0,2.0
4.0,5.0,3.0,3.0,3.0,3.0,1.0,2.0,2.0,3.0,0.0
3.0,4.0,0.0,3.0,1.0,1.0,3.0,3.0,3.0,4.0,0.0
1.0,3.0,0.0,1.0,4.0,3.0,3.0,3.0,4.0,3.0,2.0
4.0,2.0,0.0,3.0,5.0,3.0,0.0,3.0,1.0,3.0,5.0
4.0,4.0,4.0,1.0,4.0,4.0,1.0,3.0,4.0,5.0,2.0
3.0,5.0,4.0,2.0,0.0,3.0,2.0,5.0,5.0,3.0,2.0
3.0,5.0,5.0,5.0,4.0,5.0,0.0,5.0,3.0,2.0,1.0
2.0,2.0,2.0,0.0,3.0,3.0,2.0,3.0,4.0,4.0,4.0
2.0,5.0,1.0,0.0,3.0,2.0,0.0,4.0,5.0,4.0,5.0
4.0,4.0,5.0,5.0,5.0,3.0,0.0,2.0,2.0,1.0,2.0
0.0,5.0,4.0,5.0,4.0,3.0,0.0,3.0,2.0,4.0,1.0
